gene,mean_real,mean_virtual,logFC_virtual_vs_real,pearson_r
Sgk3,0.10142253,0.00039969798,-0.09620293,
Cspp1,0.18663347,0.0004932458,-0.17062716,
Slco5a1,0.124466926,0.00052000175,-0.11678922,
Mcm3,0.13549624,0.00048188283,-0.126588,
Ogfrl1,0.21644013,0.0005320456,-0.19539677,
Smap1,0.33305365,0.0005392853,-0.28693315,
Rab23,0.03712943,0.00032265607,-0.03613413,
Dst,0.042203497,0.00038236286,-0.040954933,
Plekhb2,0.21715002,0.0004122989,-0.19609986,
Neurl3,0.38360766,0.00057237427,-0.32412213,
Arid5a,0.13518874,0.0006514903,-0.12614766,
Kansl3,0.16231397,0.00047819482,-0.14993475,
Mgat4a,0.030854817,0.00043118992,-0.029957281,
Tbc1d8,0.15849982,0.00040848937,-0.1467175,
Rnf149,0.20313151,0.00046596938,-0.1844619,
Il1r2,0.086089775,0.0004638753,-0.08212012,
Il18r1,0.2614004,0.0006633896,-0.23155937,
Il18rap,0.06686881,0.00046753875,-0.06426059,
Nabp1,0.26255727,0.00047709804,-0.23266226,
Mfsd6,0.13769765,0.00042318823,-0.1285835,
Hspd1,0.5563682,0.000756658,-0.44159862,
Tyw5,0.028664645,0.00036396997,-0.027897596,
Fam126b,0.022630978,0.0005057935,-0.02187303,
Cflar,0.38164333,0.0006659601,-0.3226079,
Ctla4,0.027252052,0.00047408344,-0.026413355,
Icos,0.1594749,0.00057352876,-0.14739387,
Nrp2,0.10013617,0.0003544715,-0.095079556,
Adam23,0.17873847,0.00049350044,-0.1639514,
Kansl1l,0.11764133,0.0004335937,-0.11078701,
Acadl,0.16186109,0.00060016505,-0.14942314,
Ikzf2,0.33090279,0.0008186522,-0.2850392,
Mreg,0.055002153,0.0003543429,-0.05318853,
Cxcr2,0.085181154,0.00041147592,-0.081335545,
Wnt10a,0.029027026,0.0003650498,-0.028248737,
Tuba4a,0.20507169,0.00065363,-0.18588564,
Cul3,0.3015344,0.00048721113,-0.26305678,
Rhbdd1,0.04130719,0.00043754053,-0.04003939,
Pid1,0.048821017,0.00034885324,-0.0473179,
A530032D15Rik,0.02851693,0.00030466588,-0.02781327,
Sp140,0.13507697,0.0006291279,-0.12607153,
Itm2c,0.45147935,0.00066314684,-0.37192035,
Ncl,1.2465898,0.0011184325,-0.8082956,
Ptma,2.5197024,0.0019808735,-1.2563976,
Gigyf2,0.118109904,0.0005569937,-0.11108284,
Ramp1,0.2755078,0.00059629825,-0.24274826,
Gpr35,0.04976073,0.00030832333,-0.048253987,
Kif1a,0.021082358,0.00042277892,-0.02044051,
Hdlbp,0.15724212,0.0004960717,-0.14554372,
Atg4b,0.15077597,0.00047365853,-0.13996293,
Pdcd1,0.024042029,0.00048355781,-0.02327413,
D1Ertd622e,0.10237694,0.0003691036,-0.09709967,
Tnfrsf11a,0.062156525,0.00035107305,-0.05995029,
Bcl2,0.724295,0.0008629417,-0.5439557,
Ralb,0.060729794,0.0002934006,-0.058663797,
Ptpn4,0.13738729,0.0003621345,-0.12837172,
Tmem37,0.05921744,0.00043170704,-0.05709876,
Dbi,0.47674358,0.0007350169,-0.38910463,
Marco,0.07438459,0.0004344593,-0.071313664,
Ubxn4,0.42872366,0.0006715302,-0.3561102,
Mcm6,0.19126934,0.00048420185,-0.17453533,
Cxcr4,0.2020703,0.0004290797,-0.18361633,
Cd55,0.19566695,0.00048863736,-0.17821564,
Fcmr,0.24437843,0.00054676307,-0.21808954,
Rab7b,0.03288268,0.00037956028,-0.031974122,
Mfsd4a,0.09662981,0.0005018225,-0.091739975,
Btg2,0.8400137,0.0007417318,-0.6090315,
Ppfia4,0.043228537,0.00035149223,-0.041968837,
Ptpn7,0.18774894,0.0005258382,-0.17153418,
Arl8a,0.18435259,0.00044106162,-0.16875531,
Rnpep,0.12733822,0.0004325572,-0.11942683,
Nav1,0.09937464,0.00033518928,-0.094406374,
Csrp1,0.24803948,0.00056092086,-0.22101314,
Phlda3,0.07249737,0.0003721198,-0.06961787,
Lad1,0.025298135,0.00031943384,-0.024664052,
Zfp281,0.14269239,0.0005712255,-0.13281617,
Atp6v1g3,0.0,0.0004422886,0.00044219085,
Uchl5,0.19260186,0.00041862446,-0.17571881,
Rgs2,0.32322657,0.00052801427,-0.27954525,
Rgs1,0.2959105,0.0007299125,-0.2584839,
Ptgs2,0.037228364,0.00037533292,-0.03617686,
Fam129a,0.14025252,0.00046942593,-0.13078044,
Edem3,0.064473554,0.00036859457,-0.062111832,
1700025G04Rik,0.09920996,0.00049960497,-0.09409222,
Rgl1,0.03747979,0.0003640084,-0.036430553,
Ncf2,0.18677017,0.000411343,-0.17082421,
Glul,0.075790524,0.00039329324,-0.07266255,
Tor1aip1,0.3821128,0.000697137,-0.32291642,
Soat1,0.17268312,0.00033710757,-0.15895733,
Tor3a,0.0958998,0.0006427374,-0.090933226,
Ralgps2,0.17541507,0.0005661618,-0.16105534,
Rabgap1l,0.35669684,0.0006190712,-0.3044341,
Atp1b1,0.32501563,0.0004979726,-0.2809264,
Xcl1,0.11970234,0.0010938178,-0.111969665,
Pbx1,0.06031642,0.0003720913,-0.05819535,
Uap1,0.11421854,0.00039117786,-0.107762195,
Sh2d1b1,0.027146481,0.00040836915,-0.026376264,
Fcrla,0.092211604,0.00037273238,-0.087831974,
Fcgr2b,0.09126053,0.00035392345,-0.08697962,
Fcgr3,0.1116595,0.00040493344,-0.10544909,
Fcer1g,0.68523395,0.0010120636,-0.52089286,
B4galt3,0.11144292,0.00037062197,-0.10528855,
Nectin4,0.02182334,0.00038840776,-0.021200286,
F11r,0.05983102,0.00037254381,-0.057737008,
Cd244,0.16260506,0.0004844537,-0.1501789,
Slamf7,0.23260874,0.00048716273,-0.2086458,
Cd48,0.6696701,0.00081977574,-0.5118066,
Slamf6,0.35929176,0.0007927522,-0.30617136,
Slamf9,0.009436342,0.00032444895,-0.009067701,
Tagln2,0.92835206,0.00089839246,-0.65576774,
Slamf8,0.041565068,0.0003163646,-0.040408142,
Ifi206,0.30518332,0.0009153893,-0.26542854,
Ifi213,0.13285793,0.00069794455,-0.124045886,
Ifi209,0.40024465,0.0009197572,-0.33572763,
Ifi207,0.029902764,0.00037031795,-0.029094145,
Ifi204,0.017360294,0.0005336583,-0.01667781,
Mndal,0.8728161,0.0013588103,-0.62608534,
Ifi211,0.023930103,0.00049282686,-0.02315556,
Ifi205,0.067883156,0.00036759593,-0.0653108,
Kmo,0.06999863,0.0003880632,-0.06726938,
Cep170,0.06816923,0.00043056157,-0.06551571,
Sdccag8,0.044283085,0.0004602908,-0.04287042,
Zbtb18,0.08679191,0.00035175166,-0.08287847,
Tfb2m,0.011332581,0.00042712412,-0.010841816,
Lbr,0.2858843,0.0006306821,-0.25081617,
Hlx,0.07601834,0.00038494339,-0.07288264,
Cenpf,0.026221953,0.00037257146,-0.02551155,
Ptpn14,0.039097354,0.0003097909,-0.038042665,
Smyd2,0.027153175,0.00038215434,-0.026408987,
Batf3,0.115208805,0.0004571151,-0.10858465,
Atf3,0.020598363,0.00032217763,-0.020066962,
Nenf,0.105394915,0.0003667635,-0.09983597,
Dtl,0.041303843,0.00037841997,-0.040095273,
Rcor3,0.055097323,0.0005159353,-0.05311721,
G0s2,0.055584896,0.00041620774,-0.053678896,
Cr2,0.08660057,0.000370476,-0.082683675,
Fam107b,0.45065385,0.00051271624,-0.3715018,
Frmd4a,0.16896522,0.0003945615,-0.15572445,
Camk1d,0.09519203,0.0004977582,-0.09043209,
Pfkfb3,0.18435232,0.00049154373,-0.16870464,
Il15ra,0.13088943,0.00040629136,-0.12259822,
Mindy3,0.102221705,0.000532033,-0.09679598,
Vim,1.278739,0.001094671,-0.8225282,
Stam,0.03698284,0.0003673674,-0.035948083,
Mllt10,0.20858787,0.00051215227,-0.18894061,
Bmi1,0.043378334,0.0004009598,-0.042062968,
Msrb2,0.011128032,0.00041587494,-0.010650782,
Il1rn,0.03997771,0.00047930013,-0.038720097,
Zmynd19,0.034325488,0.0003713765,-0.033378206,
Tubb4b,0.47137278,0.00075623096,-0.3854399,
Npdc1,0.024453336,0.00031013912,-0.023849048,
Camsap1,0.015492645,0.00041484355,-0.0149591025,
Nacc2,0.054504853,0.00031522164,-0.05275615,
Dnlz,0.14823827,0.00042574274,-0.13780317,
Med22,0.07896326,0.00033328886,-0.075667396,
Slc2a6,0.031192608,0.00043872558,-0.030277375,
Vav2,0.024895888,0.00035019807,-0.024240898,
Olfm1,0.08849566,0.00035438605,-0.084442295,
Tsc1,0.017117009,0.0004234552,-0.016548797,
Ttf1,0.08629417,0.00046661586,-0.08230554,
Odf2,0.10956255,0.00048291494,-0.10348305,
Set,1.0488069,0.000985266,-0.71627283,
Endog,0.10576973,0.00048241715,-0.10005938,
Ptpa,0.15392496,0.00048156598,-0.14268768,
Exosc2,0.0,0.00040072153,0.00040064126,
Fam78a,0.3507588,0.0005858593,-0.30008084,
Golga2,0.065855294,0.0003171032,-0.06346052,
Eng,0.05890125,0.00030816448,-0.056923695,
Zbtb43,0.059439436,0.00041155278,-0.057328466,
Traf1,0.5005303,0.0006989151,-0.4051199,
Gsn,0.17096435,0.00038183312,-0.15744588,
Ggta1,0.04958413,0.00042993846,-0.047964174,
Zbtb6,0.023958959,0.00038447647,-0.023292044,
Zeb2,0.1999603,0.000557063,-0.18173157,
Zeb2os,0.052640274,0.0003703429,-0.050931282,
Rnd3,0.03389224,0.00034501156,-0.0329856,
Neb,0.047020763,0.00041486436,-0.045533985,
Arl5a,0.30751303,0.00045819776,-0.26766878,
Fmnl2,0.10817078,0.00042870932,-0.10228209,
Nr4a2,0.072703354,0.00032458457,-0.069857426,
Gpd2,0.04952579,0.00037982198,-0.047958683,
Dapl1,0.7391567,0.0011511449,-0.55224985,
Cd302,0.0612178,0.00040692082,-0.05901028,
Tank,0.2525955,0.0006145251,-0.22460347,
Ifih1,0.07811832,0.00047320462,-0.074744135,
Gca,0.00921073,0.00035207524,-0.008816557,
Scn3a,0.028470937,0.00039785128,-0.027675401,
Stk39,0.052850373,0.00053788634,-0.050963387,
Cers6,0.023682445,0.00045537713,-0.022951093,
Hat1,0.14710577,0.00043843986,-0.13680369,
Cdca7,0.009862435,0.000374928,-0.009439262,
Cir1,0.09325104,0.00045577725,-0.08870019,
Lnpk,0.10054015,0.00051202945,-0.09528921,
Nfe2l2,0.24749872,0.00048263403,-0.220658,
Ttn,0.048112962,0.00038111737,-0.04661032,
Itga4,0.547793,0.0006530015,-0.43617722,
Itgav,0.075659245,0.00034477157,-0.07258902,
Tfpi,0.017290741,0.000346396,-0.01679662,
Ctnnd1,0.021359693,0.00033620704,-0.020798624,
Ube2l6,0.107301466,0.000459676,-0.10146638,
Prg3,0.15239732,0.00041212825,-0.14143236,
Ptprj,0.10639354,0.00033657203,-0.10076915,
Spi1,0.37475818,0.00048323895,-0.31779474,
Nr1h3,0.11354156,0.00041262482,-0.10713299,
Acp2,0.04953871,0.00035168594,-0.047999118,
Phf21a,0.18408108,0.00047078283,-0.16849634,
Chst1,0.028678374,0.00030670592,-0.027968189,
Trp53i11,0.14498575,0.00042381306,-0.13496846,
Cd82,0.4509476,0.0006759267,-0.37154114,
Accs,0.025839891,0.00045529267,-0.025056493,
Traf6,0.022549827,0.00042776423,-0.021871664,
Cd44,0.31883335,0.0005442032,-0.27620348,
Cat,0.16954294,0.0003586336,-0.15625446,
Lmo2,0.13175264,0.00041598798,-0.123351544,
Kif18a,0.017360294,0.00039050347,-0.016820898,
Ccdc34,0.11933791,0.00044662898,-0.11229083,
Dph6,0.107060246,0.0003494575,-0.101358674,
Spred1,0.09714455,0.00038873273,-0.09232228,
Knstrn,0.06816079,0.00041604735,-0.06552232,
Rad51,0.032626644,0.00029239693,-0.031813342,
Mga,0.18405016,0.0005874497,-0.1683536,
Capn3,0.065293975,0.00033437178,-0.06291647,
Snap23,0.12146734,0.00044400067,-0.11419404,
Lcmt2,0.009862435,0.00043930826,-0.009374907,
Ppip5k1,0.015492645,0.0004136433,-0.014960302,
Pdia3,0.5895456,0.0006848388,-0.46276358,
Casc4,0.02938043,0.00043299078,-0.0285242,
Spg11,0.025298135,0.00040424845,-0.024579268,
Gatm,0.02107529,0.00032890675,-0.020527426,
Slc30a4,0.038699716,0.00035243577,-0.03761728,
Bloc1s6,0.035356157,0.00047962033,-0.034265976,
Dut,0.25225306,0.0005078849,-0.22443661,
Eid1,0.24451374,0.0006255887,-0.21811949,
Atp8b4,0.18965554,0.0006767548,-0.17298728,
Sppl2a,0.2891384,0.00066353375,-0.25331077,
Dusp2,0.4845275,0.0008067977,-0.39429006,
Mrps5,0.1868515,0.00044233102,-0.17086177,
Gm14005,0.028945072,0.00041055676,-0.028123602,
Chchd5,0.058310643,0.0003707677,-0.056303203,
Slc20a1,0.1902663,0.0005976961,-0.17357954,
Il1b,0.11952019,0.0005659154,-0.11233444,
Sirpa,0.20372424,0.00038020956,-0.18504013,
Nop56,0.25962448,0.00056058017,-0.23025323,
Mavs,0.039056703,0.00033025834,-0.037983086,
Prnp,0.045571618,0.00035861268,-0.04420519,
Rassf2,0.37494043,0.00057096896,-0.3178396,
Bmp2,0.038134545,0.0003703164,-0.037055146,
Plcb4,0.08110054,0.00028181702,-0.077697754,
Jag1,0.052493162,0.00044771627,-0.050714176,
Kif16b,0.10143631,0.00037267854,-0.09624245,
Dstn,0.21453315,0.00039527315,-0.19396457,
Dtd1,0.1628482,0.00038579042,-0.15048662,
Insm1,0.13155173,0.00035955737,-0.12323041,
Gzf1,0.06533111,0.00043307952,-0.062852666,
Cst3,1.140079,0.00094683573,-0.75989634,
Cst7,0.26747575,0.0006694465,-0.2363581,
Fam110a,0.045238256,0.00038379588,-0.043861132,
Id1,0.06256181,0.00041723522,-0.060265645,
Tpx2,0.043821104,0.00034138138,-0.042546798,
Hck,0.17321901,0.00038270126,-0.15936863,
Plagl2,0.034138683,0.0005744132,-0.03299464,
Edem2,0.046765774,0.0004149727,-0.04529031,
Phf20,0.117768265,0.0005077437,-0.11082646,
2900097C17Rik,0.24400388,0.00046488512,-0.21787032,
Ndrg3,0.22621772,0.00043957098,-0.20349492,
Src,0.056292318,0.00032589742,-0.05443912,
Tgm2,0.050092272,0.00035532002,-0.048522778,
Mafb,0.07969465,0.0003621395,-0.07631619,
Ift52,0.09486594,0.0005020493,-0.09013001,
Oser1,0.07314076,0.00045988074,-0.070129864,
Serinc3,0.5483514,0.0007986493,-0.43639243,
Pkig,0.06030769,0.00051439507,-0.058044877,
Ada,0.0,0.00040672367,0.000406641,
Tomm34,0.2033335,0.00060803123,-0.18448777,
Slpi,0.10601152,0.00040856565,-0.10035183,
Sdc4,0.18231672,0.0003986198,-0.16707729,
Ube2c,0.049998097,0.0002897744,-0.04849862,
Ctsa,0.22761178,0.0003911003,-0.20467962,
Pltp,0.0,0.0003512178,0.00035115617,
Cd40,0.23180401,0.00038589508,-0.20809396,
Ncoa3,0.18389502,0.00045736332,-0.16835262,
Sulf2,0.07052892,0.00038653304,-0.06776638,
Prex1,0.49603602,0.00060928887,-0.40220985,
Cebpb,0.19324589,0.0005880501,-0.17608935,
Zbp1,0.25169167,0.000936006,-0.2235604,
Pmepa1,0.1240703,0.0005738868,-0.11638257,
Ctsz,0.6051837,0.00062980433,-0.47260863,
Mtg2,0.09479442,0.00047517734,-0.09009154,
Slc17a9,0.063475914,0.0004335531,-0.06110925,
Zbtb46,0.07009916,0.00034033414,-0.06741104,
Foxp3,0.098902285,0.0006313218,-0.093680635,
Tfe3,0.10137757,0.00047724496,-0.0960846,
Otud5,0.15681653,0.00042383038,-0.14524812,
Cybb,0.10017711,0.0005470763,-0.09492425,
Atp6ap2,0.23646478,0.00052584975,-0.21173061,
1810030O07Rik,0.13932541,0.00046523244,-0.12997122,
Cask,0.054928515,0.00043183175,-0.05304127,
Gpr34,0.043278452,0.00039396525,-0.041974228,
Rp2,0.08538412,0.00042565464,-0.08150839,
Cfp,0.10400563,0.0003874932,-0.09855763,
Gria3,0.043287583,0.00029405364,-0.042082854,
Sh2d1a,0.36692938,0.00064429315,-0.3119228,
Mospd1,0.029449984,0.00038288158,-0.028641853,
Cd40lg,0.0,0.00051251845,0.0005123872,
Arhgef6,0.18639523,0.00049335795,-0.17042623,
Hmgb3,0.050417162,0.00039510263,-0.048792355,
Bgn,0.049567528,0.00032891333,-0.048049346,
L1cam,0.052284986,0.00038223364,-0.05058182,
Gdi1,0.122052886,0.00053262105,-0.11462746,
Ubl4a,0.111408696,0.0004857632,-0.10514266,
Ikbkg,0.024632158,0.00037170626,-0.023962041,
Mpp1,0.040274225,0.00048462723,-0.038999844,
Fundc2,0.3975286,0.0005579129,-0.33414763,
Cmc4,0.048730634,0.00038981883,-0.04719077,
Prkx,0.09484927,0.00040659,-0.0902102,
Eif2s3x,0.2527515,0.0005081231,-0.22483434,
Maged1,0.04006844,0.0003532252,-0.038933355,
Cxcr3,0.10718571,0.00050419243,-0.101317324,
Rtl5,0.04657365,0.00029705078,-0.045224633,
Chic1,0.0,0.00032982972,0.00032977533,
Magt1,0.42238894,0.00046503928,-0.35187286,
P2ry10,0.1580963,0.00045169715,-0.14632593,
Gpr174,0.12574847,0.00050308736,-0.117945164,
Itm2a,0.14554347,0.00042965493,-0.13544962,
Hmgn5,0.093312085,0.00053657225,-0.08867527,
Sh3bgrl,0.16236214,0.00043183647,-0.15002252,
Gm6377,0.07260258,0.00034368515,-0.06974438,
Cstf2,0.07985377,0.0005210448,-0.07630473,
Btk,0.11849144,0.00040895471,-0.11157198,
Tceal8,0.051678024,0.0002736802,-0.050113365,
Morf4l2,0.25918275,0.0005112056,-0.22995181,
Tbc1d8b,0.024756053,0.00035838553,-0.024096267,
Tmem29,0.02197881,0.00038544417,-0.021355389,
Gnl3l,0.045192156,0.00048742432,-0.043713447,
Sat1,0.5661379,0.0007670279,-0.44784594,
Prdx4,0.07739866,0.00045753788,-0.07409205,
Phka2,0.050608266,0.00042178875,-0.0489476,
Ap1s2,0.044148553,0.0003833666,-0.04281848,
Mospd2,0.069884434,0.00045259832,-0.06709814,
Gpm6b,0.051907152,0.00038964176,-0.050215285,
Rab9,0.22703488,0.00042802206,-0.20417267,
Tmsb4x,4.938403,0.0030851115,-1.7783599,
Tlr7,0.055327013,0.00043558254,-0.053415198,
Mid1,0.052818745,0.0003990628,-0.051072102,
Gm16685,0.055270188,0.00028464713,-0.053512227,
Tpd52,0.20036618,0.00034985857,-0.18227684,
Zbtb10,0.0,0.000423711,0.00042362124,
Fabp5,0.33081034,0.00064961246,-0.28513864,
Car2,0.017940767,0.0004741,-0.017307743,
Gm9733,0.028945072,0.00029258357,-0.028241534,
Sirpb1b,0.04615423,0.0003829323,-0.044737943,
Sirpb1c,0.06244734,0.00036723912,-0.06020789,
Gm5150,0.053828217,0.00039499105,-0.05203454,
Armc1,0.16409422,0.0004847954,-0.15145862,
Hps3,0.19792692,0.0004711888,-0.18012144,
Gyg,0.17441292,0.00043007516,-0.16033839,
Nceh1,0.121702425,0.00036715282,-0.11448047,
Prkci,0.0,0.0003945199,0.0003944421,
Zmat3,0.027659299,0.000348387,-0.026935365,
Gnb4,0.11427532,0.00043033756,-0.107774004,
Anxa5,0.35522774,0.0005477674,-0.3034219,
Ccna2,0.030027205,0.0003770023,-0.029208284,
Cetn4,0.014843761,0.0003141267,-0.014420593,
Plk4,0.026074827,0.00042770267,-0.025313064,
Pgrmc2,0.015588896,0.00051063456,-0.014958134,
Slc7a11,0.043728463,0.00045039886,-0.042349063,
Exosc8,0.33494455,0.00063679455,-0.28825316,
Spg20,0.088960744,0.0003260719,-0.08489778,
Eif2a,0.16741136,0.0005838154,-0.15420514,
Gpr171,0.1695716,0.00060420006,-0.1560335,
Rap2b,0.22775811,0.00044673795,-0.2047432,
Slc33a1,0.088168465,0.00036491457,-0.08413112,
Ssr3,0.3167076,0.000509345,-0.27462518,
Gfm1,0.032845434,0.0004688901,-0.031848773,
Smc4,0.78593165,0.0007466529,-0.5791939,
Ppid,0.1812152,0.0005570041,-0.16598688,
Tlr2,0.058892373,0.0003880135,-0.056835495,
Lrba,0.109007165,0.000473097,-0.10299218,
Etv3,0.45063922,0.0005471634,-0.37145728,
Hdgf,0.36574593,0.00074959086,-0.31095144,
Cct3,0.500652,0.00073117414,-0.4051688,
Lmna,0.08624449,0.00037166345,-0.08235473,
Fdps,0.15714183,0.00039472568,-0.14555839,
Clk2,0.06014747,0.00049903785,-0.05790911,
Muc1,0.06340088,0.00039480836,-0.06107742,
Cks1b,0.12732314,0.00035786539,-0.11948811,
Pbxip1,0.29823163,0.00042023906,-0.2605829,
Pmvk,0.110451326,0.0004985337,-0.104268126,
S100a4,0.59110266,0.00089888024,-0.46352878,
S100a6,0.8766747,0.0010696242,-0.6284324,
S100a8,0.16306108,0.00074612687,-0.15030955,
S100a9,0.18753216,0.00075337396,-0.17112423,
S100a11,0.860893,0.000869295,-0.6201876,
S100a10,1.0969404,0.001069165,-0.73941076,
Ctss,0.7409129,0.0011524302,-0.5532579,
Golph3l,0.07719642,0.00032870605,-0.074033104,
Prpf3,0.044904143,0.0003111938,-0.043614008,
BC028528,0.06726511,0.00035946403,-0.06474,
Plekho1,0.17327152,0.00038794384,-0.15940815,
Fcgr1,0.0,0.00040564968,0.00040556744,
Ankrd35,0.011734829,0.00037424557,-0.011292335,
Pias3,0.081357785,0.00035296823,-0.07786456,
Nudt17,0.11303435,0.00033518168,-0.10675481,
Polr3c,0.23647846,0.00045321166,-0.21181428,
Rnf115,0.3309295,0.0005211466,-0.28535655,
Cd160,0.20340586,0.000480034,-0.18467583,
Bcl9,0.053804785,0.0003040637,-0.052103203,
Phgdh,0.3523063,0.0006465931,-0.30116513,
Fam46c,0.12998727,0.00044385533,-0.12176261,
Ttf2,0.027944112,0.00043268016,-0.027128214,
Igsf3,0.0305187,0.00034933974,-0.029712988,
Slc22a15,0.07212103,0.0003950309,-0.069244005,
Hipk1,0.29566914,0.0005732887,-0.25845414,
Slc16a1,0.01324313,0.0004144008,-0.012741892,
Rhoc,0.04669766,0.00046895788,-0.045171276,
Cttnbp2nl,0.05113803,0.00040940443,-0.04946409,
Gm5547,0.1562345,0.00032509767,-0.14484356,
Kcna2,0.05885032,0.00033714558,-0.056846626,
Csf1,0.10531261,0.00038842496,-0.09973986,
Taf13,0.07212171,0.00053652236,-0.06910321,
Wdr47,0.042875826,0.00038382952,-0.041598357,
Clcc1,0.03695029,0.0004290746,-0.03585501,
Fndc7,0.040683653,0.0003718501,-0.039506078,
S1pr1,0.4401453,0.00068646716,-0.36405778,
Vcam1,0.06355518,0.00032474176,-0.06129255,
Slc35a3,0.017373743,0.00040275583,-0.01682187,
Arhgap29,0.03930046,0.0003466714,-0.038201243,
Bcar3,0.046326615,0.00038668225,-0.04489896,
Fnbp1l,0.08795633,0.00042918138,-0.08387192,
Synpo2,0.094006956,0.0003866924,-0.08946045,
Elovl6,0.058117297,0.0003723383,-0.056118928,
Casp6,0.12651378,0.00041403694,-0.11871376,
Mcub,0.092064336,0.00038697384,-0.087682895,
Ints12,0.057286948,0.00034935056,-0.055356853,
Cenpe,0.09135915,0.00030891984,-0.08711498,
Bank1,0.23862222,0.00043167328,-0.21356808,
H2afz,1.4802192,0.0012146179,-0.90713304,
Dnajb14,0.13722165,0.0003879718,-0.12820025,
Pdlim5,0.10225777,0.00038517793,-0.09697549,
Gbp2,0.12587526,0.0007317919,-0.11782922,
Lmo4,0.13288082,0.00049022696,-0.12427368,
Sh3glb1,0.61453635,0.00071920705,-0.47832885,
2410004B18Rik,0.11068533,0.00042944885,-0.10454789,
Ifi44,0.021195017,0.00063623796,-0.02033749,
Pigk,0.11308142,0.00045500533,-0.10667732,
Lyn,0.19680148,0.00033841544,-0.1793142,
Tox,0.29052022,0.0004624177,-0.2545831,
Asph,0.0,0.0004435391,0.00044344077,
Virma,0.11357401,0.00047518336,-0.1070996,
Gem,0.11069918,0.00058505224,-0.10440483,
Tmem55a,0.07200671,0.0003664117,-0.069165975,
Tmem64,0.052666098,0.0004719186,-0.05085428,
Rmdn1,0.037916455,0.0004145563,-0.036800824,
Ggh,0.0986393,0.00040760593,-0.09366489,
Usp45,0.024042029,0.00044021287,-0.023317454,
Mdn1,0.15708971,0.00037975237,-0.1455283,
3110043O21Rik,0.059582017,0.00034544515,-0.05752912,
Ddx58,0.13890345,0.000762846,-0.12930337,
Il11ra1,0.03538707,0.00035491533,-0.034420487,
Cd72,0.12689608,0.0005122634,-0.1189549,
Tpm2,0.014843761,0.00034864235,-0.014386089,
Glipr2,0.3650919,0.00062839984,-0.31059355,
Pax5,0.03917745,0.00039098554,-0.038038578,
Trmo,0.06505843,0.0005079064,-0.06252188,
Nr4a3,0.080974564,0.0004744752,-0.077388644,
Mrpl50,0.10774939,0.0004275701,-0.101902895,
Slc44a1,0.06009635,0.00034628157,-0.05801358,
Fktn,0.025877958,0.00040636308,-0.025142511,
Klf4,0.12409167,0.00043246872,-0.11654293,
Txn1,0.910761,0.0008249989,-0.64667696,
Snx30,0.02341687,0.00044832283,-0.022698678,
Slc31a2,0.06132587,0.00048757985,-0.059031487,
Rgs3,0.18738438,0.00044070382,-0.17131227,
Tmem268,0.04432966,0.0003919762,-0.042983305,
Hacd4,0.011332581,0.00039986896,-0.01086906,
Cdkn2b,0.04929097,0.00038153175,-0.047733214,
Plaa,0.12429928,0.0004419636,-0.11671811,
Jun,0.73809373,0.0008573371,-0.551932,
Nfia,0.05550654,0.0003826991,-0.05363816,
Leprot,0.09160916,0.00039610724,-0.08725687,
Dhcr24,0.051201783,0.00035211578,-0.04958201,
Ssbp3,0.17928107,0.00042594914,-0.16447912,
Hspb11,0.22855404,0.0005074007,-0.20533064,
Yipf1,0.16696091,0.00050542783,-0.15389755,
Lrp8,0.021082358,0.00037875152,-0.02048452,
Cc2d1b,0.05730187,0.0005242712,-0.055196125,
Txndc12,0.06429599,0.00041885625,-0.06189477,
Cdkn2c,0.019110212,0.00036439186,-0.01856558,
Faah,0.1152362,0.0006155357,-0.108450875,
Toe1,0.020893482,0.00048371634,-0.020194609,
Btbd19,0.024534026,0.0004714448,-0.023766566,
Gm12840,0.21809474,0.000691039,-0.19659714,
Szt2,0.04368616,0.0003847115,-0.042374194,
Cdc20,0.05643703,0.00027291465,-0.054629076,
AU022252,0.102813825,0.0004232934,-0.09744173,
Ccdc30,0.052664455,0.00045182725,-0.0508728,
Hivep3,0.011332581,0.0005015223,-0.010767452,
Ctps,0.06798049,0.00035911993,-0.06541041,
Ppt1,0.36035672,0.00045880635,-0.3072883,
Mycl,0.0236705,0.0003640759,-0.023030689,
Macf1,0.5509819,0.0009348723,-0.43795377,
Cdca8,0.08077057,0.00026779462,-0.07740651,
Gnl2,0.1415101,0.000524972,-0.13182719,
Zc3h12a,0.089801475,0.0004187775,-0.085576855,
Csf3r,0.09048256,0.0003658225,-0.08625456,
Ago1,0.06497155,0.00046216938,-0.062486023,
Ncdn,0.047311455,0.00039387104,-0.04583257,
AU040320,0.009436342,0.00036832763,-0.009023838,
Zmym4,0.079376854,0.00042360212,-0.075960375,
Tmem35b,0.027146481,0.0004208442,-0.026363796,
Smim12,0.070599794,0.00043221368,-0.067786925,
Rnf19b,0.2865641,0.00041903608,-0.25155622,
Marcksl1,0.36282572,0.0006001381,-0.30896032,
Iqcc,0.011603677,0.00040666244,-0.01113029,
Sdc3,0.13503765,0.00046275093,-0.12620316,
Snhg12,0.39323908,0.0007621118,-0.3308695,
Atpif1,0.58839524,0.0007312442,-0.46199322,
Ptafr,0.038935684,0.00034482797,-0.03785204,
Themis2,0.10250707,0.00031753868,-0.09726925,
Fgr,0.121933706,0.00035317053,-0.114700615,
Hmgn2,0.28933287,0.00061333,-0.2535118,
Stmn1,0.22852488,0.0005568772,-0.20525745,
Ldlrap1,0.19746338,0.0004350034,-0.17977056,
Tmem57,0.1407221,0.00048977527,-0.13117184,
Runx3,0.49511784,0.0009063344,-0.40129912,
Clic4,0.28060162,0.0006004063,-0.24672976,
Rcan3,0.008141841,0.0003855345,-0.0077234143,
Fuca1,0.40019226,0.00047899794,-0.33613065,
Id3,0.36959597,0.0007267986,-0.31378925,
E2f2,0.018639572,0.00035402863,-0.01811402,
Luzp1,0.051936407,0.00036620782,-0.050266523,
C1qb,0.022515666,0.0005038761,-0.021762181,
C1qc,0.09973105,0.0005397107,-0.09452608,
C1qa,0.030735983,0.00040703153,-0.029866144,
Pla2g2d,0.0723774,0.00054169237,-0.069336504,
Mrto4,0.22374134,0.0004988347,-0.20141412,
Spen,0.20153846,0.00041051095,-0.18319236,
Efhd2,0.36442682,0.0005545633,-0.31018,
Vps13d,0.08253749,0.00044424605,-0.078863665,
Tnfrsf1b,0.1992213,0.00052855717,-0.18114403,
Gm13212,0.027659299,0.0003579561,-0.026925799,
Zfp984,0.1025735,0.00046746372,-0.09717964,
Fbxo6,0.11887723,0.0004193992,-0.1119064,
Srm,0.27504972,0.0006049889,-0.24238037,
Cenps,0.054371342,0.0003022037,-0.052642547,
Kif1b,0.1312602,0.0005776304,-0.12275477,
Gpr157,0.0,0.00036108177,0.0003610166,
Rere,0.110684775,0.00048836,-0.1044885,
Tnfrsf9,0.09226743,0.0004616231,-0.08779423,
Fam213b,0.039114106,0.00038038284,-0.03798822,
Nadk,0.09474155,0.0004619505,-0.090056464,
Mmp23,0.04185167,0.00028482103,-0.040714804,
Pusl1,0.055289827,0.00042333745,-0.0533922,
Tnfrsf4,0.20482564,0.0006461948,-0.18568888,
Isg15,0.1813022,0.0012974016,-0.16532083,
AW011738,0.011603677,0.0006225367,-0.010914527,
Plekhn1,0.029262554,0.0004186303,-0.028424038,
Fam133b,0.20485601,0.00047763507,-0.18588254,
Cyp51,0.08973736,0.00039460673,-0.08554219,
Dbf4,0.09413471,0.00038303787,-0.08958086,
Tmem243,0.28197417,0.00061917247,-0.24778222,
Cd36,0.041638106,0.0003234638,-0.040471163,
Gsap,0.058438897,0.0003598233,-0.056435324,
Fgl2,0.15993878,0.00038114635,-0.14798616,
Pus7,0.08492168,0.00044935785,-0.08105854,
Cdk5,0.0,0.0004080205,0.00040793727,
Chpf2,0.037545025,0.00035344486,-0.03650399,
Insig1,0.05028049,0.00039966934,-0.048657674,
Nom1,0.20599316,0.0004550334,-0.18684849,
Cenpa,0.117214754,0.00038324314,-0.110455595,
Ift172,0.029161675,0.00037370008,-0.028370932,
Supt7l,0.108937256,0.00048962,-0.10291263,
Letm1,0.100872055,0.00047946296,-0.0956233,
Haus3,0.19632822,0.0004369108,-0.17882024,
Mxd4,0.28254625,0.0006761449,-0.24817143,
Add1,0.21843754,0.000532736,-0.19703673,
Rgs12,0.034770865,0.00042146278,-0.03375864,
Sh3tc1,0.03560095,0.00032467215,-0.03465727,
D5Ertd579e,0.09593446,0.00038248856,-0.091224976,
Fbxl5,0.057158537,0.00041284482,-0.055171926,
Bst1,0.04660967,0.00035926272,-0.045196857,
Cd38,0.15266266,0.0003843708,-0.14169033,
Ncapg,0.05500282,0.00036861724,-0.05317489,
Lcorl,0.13199897,0.00048657143,-0.12349862,
Zcchc4,0.08002944,0.00035463303,-0.07663373,
Rbpj,0.21252629,0.0004324701,-0.19227365,
Rbm47,0.027007911,0.00032428183,-0.026325405,
Slc30a9,0.02338942,0.00041051226,-0.022709649,
Nfxl1,0.0,0.000453581,0.00045347813,
Nipal1,0.05525983,0.0003435387,-0.053443544,
Usp46,0.02308212,0.00036366246,-0.022456162,
Kdr,0.036268484,0.0003805803,-0.035245758,
Ppat,0.07125922,0.00043246453,-0.068402424,
Hopx,0.08070105,0.00047759825,-0.07713247,
Igfbp7,0.043669578,0.0004265288,-0.042316504,
Stap1,0.2708011,0.0006824498,-0.23896527,
Jchain,0.0,0.00050135446,0.0005012288,
Dck,0.07916113,0.000489762,-0.07569436,
Cxcl2,0.04136776,0.00042783344,-0.04010726,
Naaa,0.21366191,0.00043355164,-0.1932087,
Cxcl9,0.06575435,0.00066754397,-0.06301554,
Cxcl10,0.10192015,0.0011134751,-0.095941395,
Scarb2,0.07698579,0.00037774653,-0.07378852,
Anxa3,0.16968423,0.00045505277,-0.15627886,
Bmp2k,0.22255641,0.00047870178,-0.2004655,
Tmem150c,0.056306932,0.00030516015,-0.054473683,
Plac8,0.2709147,0.0013189836,-0.23841877,
Gbp8,0.16525264,0.00063213066,-0.15230599,
Gbp4,0.28883764,0.0008300336,-0.25291106,
Evi5,0.04532002,0.0003438736,-0.04397926,
Dgkq,0.044519693,0.00038479292,-0.043172438,
Ankle2,0.10989757,0.00042842815,-0.1038394,
Pgam5,0.04794949,0.00040582218,-0.046429645,
Fbrsl1,0.062439196,0.00058640266,-0.059981164,
Ep400,0.21731602,0.00069159316,-0.1959571,
Ulk1,0.1011311,0.0003197995,-0.09601817,
Ttc28,0.13297468,0.00041562802,-0.124431096,
Grk3,0.156312,0.0004313257,-0.14480439,
2900026A02Rik,0.041517794,0.00035427563,-0.040324852,
Iscu,0.42615333,0.00048342306,-0.35449755,
Tchp,0.03483364,0.00027655944,-0.033964157,
Oasl2,0.0,0.0008182814,0.0008179468,
Oasl1,0.021597264,0.00040663927,-0.020960793,
Mlec,0.18331473,0.00062291865,-0.16769688,
Srsf9,0.19460313,0.00059763493,-0.17721656,
Rab35,0.15902062,0.00045761737,-0.14711784,
Taok3,0.34854385,0.00061109144,-0.29841447,
Tesc,0.103333965,0.0005702269,-0.09776641,
Slc8b1,0.049358636,0.00028751008,-0.047891688,
Dtx1,0.18657751,0.00041824568,-0.17065497,
Oas2,0.037255123,0.000574946,-0.036003135,
Oas3,0.08260139,0.00073635107,-0.07863076,
Oas1c,0.0,0.00039359744,0.00039352,
Oas1a,0.05309227,0.00048362833,-0.051247343,
Erp29,0.5189532,0.00072841096,-0.41729325,
Atxn2,0.104726076,0.0005144857,-0.09908306,
Camkk2,0.14585581,0.000508309,-0.13564362,
Mlxip,0.07370314,0.0004914007,-0.07062227,
Hip1r,0.054055814,0.00039244164,-0.052253038,
Cdk2ap1,0.27336255,0.0004570391,-0.24120416,
Kmt5a,0.14296232,0.0006005,-0.1330231,
Rilpl2,0.12326062,0.00052990066,-0.11570596,
Rilpl1,0.0,0.00031050522,0.00031045702,
Eif2b1,0.075278975,0.0004041619,-0.072176054,
Atp6v0a2,0.18068273,0.0004621662,-0.1656308,
Bri3bp,0.17346883,0.00039059174,-0.15957366,
Stx2,0.017797181,0.0003471877,-0.017293537,
Ran,1.2251555,0.0009572782,-0.79886997,
Asl,0.09551065,0.0004334651,-0.090787224,
Ncf1,0.22179265,0.0005180057,-0.1998013,
Rfc2,0.1523744,0.0005261312,-0.14129852,
Mettl27,0.039194062,0.00038726418,-0.038058285,
Bud23,0.12629414,0.00047873185,-0.1184541,
Rasa4,0.17238677,0.00038099094,-0.15866072,
Ift22,0.037192233,0.00039205377,-0.036125306,
Plod3,0.011332581,0.000430045,-0.010838896,
Zcwpw1,0.07407421,0.00033455013,-0.0711246,
Mcm7,0.12468044,0.00044875767,-0.117050275,
Pdgfa,0.030570423,0.00032540312,-0.029787106,
Adap1,0.12632631,0.00038345344,-0.118577905,
Chst12,0.0341387,0.00038908402,-0.033179898,
Ttyh3,0.12781496,0.00047477364,-0.119807445,
Iqce,0.06381795,0.00032290723,-0.061541416,
Brat1,0.07117907,0.00039639292,-0.06836367,
Gna12,0.06986898,0.00031505732,-0.06722119,
Actb,4.2637353,0.0021878956,-1.6586554,
Fscn1,0.27188805,0.000647961,-0.2398547,
0610040B10Rik,0.02799315,0.000283865,-0.02732468,
Aimp2,0.11636117,0.000466948,-0.10960761,
Bri3,0.54758805,0.00061201706,-0.4360858,
Cdk8,0.12610132,0.0005254473,-0.11823619,
Flt3,0.13073443,0.00045978918,-0.12240767,
Slc46a3,0.12624931,0.00033205433,-0.118560925,
Slc7a1,0.0854606,0.00056113803,-0.08144344,
Alox5ap,0.17037706,0.00038712274,-0.15693894,
N4bp2l1,0.16850455,0.00059631356,-0.15512863,
Hepacam2,0.011128032,0.00038252844,-0.010684115,
Vps50,0.124256,0.0004399582,-0.11668162,
Rpa3,0.12304135,0.0004592329,-0.11558137,
Mdfic,0.12354989,0.0003688643,-0.11612443,
Gm20186,0.11896579,0.00035941484,-0.112045504,
Pot1a,0.07313155,0.00032587393,-0.07025523,
Irf5,0.12423233,0.00041757617,-0.11668294,
Tspan33,0.06550524,0.00045340354,-0.062995784,
Strip2,0.052869014,0.00031924402,-0.051199637,
Mkln1,0.20458035,0.0006950121,-0.18543647,
Bpgm,0.051494367,0.00044343175,-0.04976903,
3110062M04Rik,0.0,0.00042113048,0.00042104183,
Wdr91,0.062240213,0.00031366537,-0.06006647,
Mtpn,0.27337041,0.00052654074,-0.24114086,
Fmc1,0.24463077,0.0006180404,-0.21822107,
Parp12,0.036918372,0.0003997227,-0.03585357,
Mkrn1,0.35893676,0.00064152497,-0.30606127,
Clec5a,0.04660967,0.0003156668,-0.04524044,
Trbc1,1.1334327,0.0014809644,-0.7562524,
Trbc2,1.8511542,0.0016548886,-1.0460703,
Zyx,0.56126165,0.00048696177,-0.44500738,
Zfp398,0.19820309,0.00054061634,-0.18028255,
Gimap4,0.47238588,0.00091275986,-0.38597178,
Gimap5,0.4898999,0.0005140526,-0.39819503,
Tmem176b,0.4797851,0.0005376736,-0.3913594,
Tmem176a,0.39338398,0.0006418915,-0.33109364,
Mpp6,0.12538764,0.0005071479,-0.11762052,
Osbpl3,0.13150102,0.0005395085,-0.123005725,
Snx10,0.12504247,0.00046105654,-0.11735983,
Skap2,0.22359793,0.00045152765,-0.2013442,
Nod1,0.11183895,0.00046850895,-0.105546966,
Ggct,0.053365014,0.0005481267,-0.05144184,
Herc6,0.2349375,0.0007914857,-0.21022919,
Tigd2,0.21241067,0.00048490104,-0.19212589,
Tnip3,0.018639915,0.00031306344,-0.018155307,
Ndnf,0.09139403,0.00040823326,-0.08704765,
Gng12,0.12878078,0.00036022437,-0.120777935,
Gadd45a,0.050629906,0.00050043856,-0.04888958,
Gm30211,0.020885184,0.0004265178,-0.020243652,
Igkc,0.7628933,0.0010796473,-0.5658773,
Fabp1,0.06424119,0.00033614255,-0.061925966,
Cd8b1,0.85531527,0.0013157083,-0.61673987,
Cd8a,0.69821465,0.0011992793,-0.5283789,
Polr1a,0.057059795,0.0004098933,-0.055081468,
St3gal5,0.024691338,0.00034022695,-0.024051264,
Rnf181,0.101509206,0.0004236336,-0.0962577,
Vamp8,0.6264248,0.0007556892,-0.4856288,
Mat2a,0.3232084,0.00080401124,-0.27925572,
Capg,0.34352285,0.00087790604,-0.29441762,
Mrpl19,0.20049065,0.0004823568,-0.18224812,
Hk2,0.04289987,0.0003212802,-0.041683942,
Dok1,0.14198598,0.00036364718,-0.13240525,
Htra2,0.1562664,0.0003964731,-0.1447998,
Mthfd2,0.31617376,0.0005066156,-0.27422237,
Mob1a,0.4687385,0.00061113085,-0.38379294,
Cd207,0.019524852,0.00035193385,-0.018984815,
Tprkb,0.0977316,0.0004251978,-0.092820756,
C87436,0.13464396,0.0003728618,-0.12594612,
1600020E01Rik,0.009429184,0.00047146273,-0.008913655,
Mxd1,0.24993514,0.0005620918,-0.22252972,
Gfpt1,0.20988475,0.00041017632,-0.190115,
Copg1,0.14919429,0.00047220962,-0.13858898,
Slc6a6,0.26989755,0.0006199769,-0.23831643,
Frmd4b,0.01281429,0.00041393572,-0.012319032,
Eif4e3,0.04192616,0.00035648103,-0.040714663,
Mtmr14,0.05730771,0.00036785254,-0.055357993,
Brk1,1.1083497,0.0008099681,-0.74509585,
Vhl,0.19869739,0.00040764478,-0.18082789,
Plxnd1,0.045092233,0.00039539338,-0.043709826,
Rassf4,0.14373244,0.00036594615,-0.1339311,
Zfp637,0.05760467,0.00050745544,-0.05549928,
Csgalnact2,0.088576354,0.0003975535,-0.084473275,
Mical3,0.11851372,0.00034627007,-0.11165456,
Usp18,0.20477584,0.00082962087,-0.18546425,
Phc1,0.04017658,0.0003753409,-0.03901522,
Slc2a3,0.080573045,0.00041958783,-0.077071995,
Clec4a1,0.045403525,0.0003494443,-0.044053573,
Clec4a3,0.0,0.00042022794,0.00042013967,
Clec4b1,0.03050521,0.00040295065,-0.02964631,
Clec4a2,0.04533322,0.00033811314,-0.043997653,
Clec4n,0.066280596,0.00035236022,-0.063824214,
Eno2,0.03578932,0.00034287147,-0.034820948,
Spsb2,0.030207068,0.00043078762,-0.029329123,
Tpi1,0.1848182,0.00048383017,-0.16910563,
Cdca3,0.02737679,0.00031522082,-0.026693577,
Lag3,0.01876513,0.0004128014,-0.01817852,
Ptms,0.4800815,0.000692504,-0.3914049,
Nop2,0.048207942,0.00036632718,-0.046715725,
Gapdh,1.4446058,0.0012835673,-0.89260113,
Tnfrsf1a,0.0903284,0.00043686698,-0.08604217,
Cd9,0.38427824,0.00047775958,-0.32470125,
Ccnd2,0.83472747,0.0013112305,-0.6055856,
Klrb1c,0.12333661,0.0004480002,-0.11585548,
Gm15987,0.09075617,0.0003684365,-0.08650282,
Klrb1f,0.10384398,0.00041808645,-0.09838061,
2310001H17Rik,0.31955132,0.00054438045,-0.27674755,
Cd69,0.45051235,0.001075381,-0.37084207,
Clec12a,0.0534577,0.00033812693,-0.051739734,
Gabarapl1,0.02788569,0.00029639425,-0.027207615,
Klre1,0.1908032,0.0006310937,-0.17399715,
Klrd1,0.4555953,0.0008676988,-0.37454763,
Klrk1,0.23110776,0.0007633881,-0.20715126,
Klrc2,0.10044574,0.00039954993,-0.095315844,
Klrc1,0.10521209,0.00042483566,-0.09961251,
Klra4,0.07344256,0.000404527,-0.070466384,
Klra8,0.08673574,0.00062528084,-0.08255338,
Klra7,0.06792955,0.0006781051,-0.065043904,
Klra3,0.009429184,0.00047527254,-0.008909847,
Klra1,0.08527285,0.00047047238,-0.08136106,
Klra2,0.0,0.0003734165,0.0003733468,
Magohb,0.097847275,0.0005071376,-0.092844225,
Styk1,0.063513875,0.00027780232,-0.061300635,
Ybx3,0.20200945,0.00038837083,-0.18360642,
Etv6,0.15770721,0.00052261434,-0.14591902,
Bcl2l14,0.0,0.00038352326,0.00038344975,
Hebp1,0.05223103,0.0005047515,-0.050408076,
Plbd1,0.1992335,0.0003883341,-0.18129434,
Strap,0.2286776,0.0006108978,-0.20532775,
Plekha5,0.032462925,0.00035718095,-0.03159002,
Aebp2,0.34885755,0.00055569207,-0.29870245,
C2cd5,0.07916371,0.0004304983,-0.07575599,
Med21,0.24486683,0.00047949867,-0.21854918,
3010003L21Rik,0.060595594,0.0003535044,-0.058477193,
Dennd5b,0.08408435,0.0003352114,-0.08040055,
Pirb,0.103037566,0.0004192594,-0.09764863,
Lair1,0.065901384,0.0006115542,-0.063209444,
Ncr1,0.15383038,0.0005993109,-0.14248803,
Dnaaf3,0.02159007,0.0003812009,-0.020979177,
Hspbp1,0.11971228,0.00049984275,-0.11257204,
Kmt5c,0.03484308,0.00034833886,-0.033901524,
Zfp787,0.10419973,0.00036227642,-0.09875863,
Lig1,0.049905617,0.0003740269,-0.048326317,
Dhx34,0.032013215,0.00042407244,-0.031087492,
Bbc3,0.07891022,0.00043942544,-0.07551214,
Pglyrp1,0.2197521,0.0004505208,-0.19819723,
Ccdc61,0.033402514,0.00044985436,-0.03240701,
Fosb,0.38770792,0.0005256943,-0.32712784,
Relb,0.36398718,0.0005254767,-0.3098868,
Apoe,0.35413015,0.00095182,-0.30220792,
Nectin2,0.017290741,0.00039157653,-0.016751457,
Bcl3,0.10470358,0.00039152833,-0.0991856,
Plaur,0.05413868,0.0003628495,-0.05236123,
Cd79a,0.39827764,0.0007531117,-0.3344884,
Pou2f2,0.42488012,0.00068105175,-0.35340685,
Pafah1b3,0.08609563,0.00047802142,-0.082111366,
Shkbp1,0.13973393,0.00045935716,-0.13033558,
Blvrb,0.12178869,0.0005676996,-0.11435691,
2310022A10Rik,0.08406265,0.00042542798,-0.080290355,
Zfp60,0.07101319,0.00036219653,-0.068242975,
Psmc4,0.3024819,0.00043734445,-0.26383433,
Eid2,0.04071099,0.00033091896,-0.03957326,
Zfp36,0.6287882,0.0007007043,-0.48713583,
Mrps12,0.22920588,0.00049797737,-0.2058705,
Rasgrp4,0.10769004,0.00037474546,-0.10190213,
Kcnk6,0.05776625,0.00038964208,-0.05576981,
Yif1b,0.17470708,0.00046145046,-0.1605575,
2200002D01Rik,0.07670642,0.00041512388,-0.07349174,
Spint2,0.28026927,0.00059510523,-0.24647549,
Tbcb,0.18066081,0.0005245109,-0.16554992,
Tyrobp,0.79468745,0.00089102465,-0.58394027,
Nfkbid,0.07763966,0.000711684,-0.074061714,
Kmt2b,0.07273785,0.00046841224,-0.06974582,
Ffar2,0.07627312,0.00044065912,-0.0730637,
Cd22,0.09743759,0.00042158016,-0.0925565,
Lsr,0.03305748,0.0004247793,-0.032098144,
Nudt19,0.15684485,0.00053758116,-0.1451589,
Ankrd27,0.0762251,0.0003256114,-0.07313408,
Siglecg,0.20016749,0.00051318295,-0.18194808,
Nkg7,1.0873094,0.0012321357,-0.7346445,
Cd33,0.04872992,0.00034467326,-0.047235217,
Klk8,0.44177306,0.0008247604,-0.3650492,
Spib,0.116132766,0.0004253604,-0.10944455,
Pold1,0.13146392,0.0003341482,-0.12317821,
Napsa,0.31248564,0.0005462783,-0.27137664,
Il4i1,0.31067216,0.000592973,-0.26994732,
Tbc1d17,0.12775578,0.0004414437,-0.11978828,
Rras,0.11481927,0.00035691637,-0.10833545,
Rcn3,0.064069964,0.00035322813,-0.06174798,
Ftl1,2.3656478,0.0014650993,-1.2121564,
Ldha,0.84068334,0.0010706752,-0.6090668,
Tsg101,0.19243978,0.0004648769,-0.17553668,
Nav2,0.028706323,0.00044932685,-0.02785279,
Siglech,0.03886879,0.0007771427,-0.037355576,
Nsmce3,0.13720955,0.00050274417,-0.12807488,
Lrrk1,0.20163742,0.00048712167,-0.18319814,
Igf1r,0.07149466,0.00052201486,-0.068532676,
Fam169b,0.38565838,0.0005769418,-0.32559863,
Arrdc4,0.0686632,0.00034959885,-0.066058986,
Slco3a1,0.09290249,0.0005686714,-0.08826849,
Isg20,0.12535842,0.0008928221,-0.11720916,
Mfge8,0.055903006,0.0003371505,-0.054059237,
Anpep,0.03397841,0.0003155004,-0.033098444,
Arpin,0.06421595,0.0003582138,-0.061880182,
Zfp710,0.07039848,0.000477984,-0.06755312,
Fes,0.02387505,0.00033666685,-0.023257887,
Tm6sf1,0.2085456,0.00052709633,-0.1888907,
Hdgfl3,0.12403454,0.0005020458,-0.11642256,
Stard5,0.04909312,0.00036297282,-0.047563188,
Tlnrd1,0.08209091,0.0003789737,-0.07851629,
Ctsc,0.38295433,0.00058949547,-0.32363272,
Rab38,0.039121058,0.00036365908,-0.03801163,
Eed,0.169836,0.0005393735,-0.15632433,
Sytl2,0.009429184,0.0004409772,-0.008944127,
Prcp,0.27603585,0.00043927509,-0.2433191,
Kctd14,0.06624576,0.00032368436,-0.063820206,
Clns1a,0.11327818,0.00047002846,-0.10683907,
Pak1,0.0,0.00035535253,0.0003552894,
Acer3,0.049809493,0.00040183068,-0.048206963,
Emsy,0.22989312,0.000524342,-0.20640306,
Rnf169,0.052782577,0.00038436698,-0.051052436,
Ppme1,0.077127464,0.00049765053,-0.07380021,
C2cd3,0.055227555,0.00045984567,-0.053296693,
Ucp2,0.9159097,0.00096883334,-0.64922416,
Fam168a,0.06420696,0.00034106764,-0.061888874,
Atg16l2,0.11876504,0.0004127419,-0.11181278,
Pgap2,0.18558797,0.0004205321,-0.16981837,
Rhog,0.44075206,0.00050619495,-0.3646592,
Hbb-bt,0.040507436,0.00080974714,-0.038899094,
Hbb-bs,0.113780856,0.00089573493,-0.10686507,
Trim30b,0.011128032,0.0003496815,-0.01071695,
Trim30c,0.0,0.00047259414,0.0004724825,
Trim30a,0.37365133,0.00087181473,-0.31660092,
Trim30d,0.09642783,0.00049555494,-0.09156203,
Fam160a2,0.0125424685,0.00041059082,-0.012053956,
Dennd5a,0.106688425,0.00035249398,-0.10101972,
Swap70,0.34418043,0.00049842184,-0.29528618,
Far1,0.2295217,0.0004661258,-0.20615922,
Rras2,0.14187501,0.00048831245,-0.13218346,
Nucb2,0.0,0.00036527804,0.00036521137,
Itpripl2,0.08491907,0.00034938377,-0.081156075,
Tmem159,0.040611833,0.0003226055,-0.039486285,
Igsf6,0.021271085,0.0003436189,-0.020704454,
Gga2,0.0514088,0.0005010628,-0.049630046,
Plk1,0.055932865,0.0004618435,-0.053962868,
Arhgap17,0.24357235,0.0005702913,-0.21741803,
Spns1,0.07196928,0.000502393,-0.06899514,
Nupr1,0.030570423,0.00039403336,-0.029718501,
Slx1b,0.017797181,0.0003679429,-0.017272789,
Mapk3,0.13499558,0.0004091148,-0.12621972,
Gdpd3,0.014545377,0.00036211073,-0.014078563,
Mvp,0.21556112,0.00042588203,-0.19478,
Spn,0.4492726,0.0005004384,-0.37056145,
Dctpp1,0.26026323,0.00047295968,-0.23084778,
Fbxl19,0.021082358,0.00044191812,-0.020421378,
Pycard,0.80893016,0.0008401749,-0.59189576,
Itgam,0.11826752,0.00032815128,-0.111452535,
Itgax,0.057654977,0.0004297117,-0.055624552,
Cox6a2,0.027146481,0.0004437156,-0.026340934,
Rgs10,0.76873296,0.0008826914,-0.5693811,
Lhpp,0.038373098,0.00034035288,-0.037314866,
Eef1akmt2,0.04941976,0.0003560381,-0.04788143,
Ctbp2,0.03546178,0.0003856381,-0.034461927,
Dhx32,0.027494937,0.00035845189,-0.026765354,
Mki67,0.10886586,0.00034832477,-0.10298948,
Mapk1ip1,0.04695548,0.0003746158,-0.045511868,
Ppp2r2d,0.12947708,0.0005360947,-0.121218815,
Adam8,0.11696916,0.00040411408,-0.11021488,
Paox,0.058376,0.00044420402,-0.05629155,
Ifitm2,0.25740302,0.0004271309,-0.22862145,
Ifitm3,0.19156522,0.0010107522,-0.17425752,
Ptdss2,0.09269753,0.0004220555,-0.08822748,
Irf7,0.2060354,0.0010034865,-0.18633547,
Taldo1,0.77795833,0.00096716953,-0.57449895,
Pnpla2,0.11772976,0.0005099872,-0.11078977,
Polr2l,0.13204184,0.0006432952,-0.12337986,
Ctsd,0.67503977,0.0006757378,-0.5151614,
Tnni2,0.064559825,0.00033397783,-0.062227484,
Lsp1,1.2431595,0.0011441646,-0.80674183,
Tspan32,0.3603688,0.0006272413,-0.3071288,
Cd81,0.089734636,0.0004683802,-0.085465945,
Ccnd1,0.18210334,0.0004284124,-0.16686703,
Syne1,0.1867928,0.00041632398,-0.17083831,
Rab32,0.12022343,0.0004076453,-0.1131206,
Stx11,0.068121046,0.0004719493,-0.06542923,
Phactr2,0.021359693,0.00047766406,-0.020657223,
Cited2,0.28618217,0.000553842,-0.25112456,
Abracl,0.8790829,0.0009882904,-0.629796,
Gm10827,0.013107791,0.00031232386,-0.0127103515,
Ifngr1,0.5788243,0.0006297217,-0.45605093,
Il22ra2,0.030735983,0.00039290977,-0.029880261,
Map3k5,0.01999932,0.00049467845,-0.019307403,
Myb,0.10320139,0.0005706781,-0.0976458,
Stx7,0.13682756,0.00042013204,-0.12782149,
Epb41l2,0.182895,0.00046012682,-0.1675048,
Arhgap18,0.067798324,0.00040753867,-0.065191425,
Fam26f,0.16412513,0.0007551945,-0.15121494,
Dse,0.08710155,0.00038594368,-0.08312916,
Tspyl4,0.02341687,0.00045723416,-0.02268977,
Marcks,0.61907405,0.00069613615,-0.48115852,
Traf3ip2,0.02308212,0.0004210497,-0.022398796,
Foxo3,0.043903936,0.00048191776,-0.042485666,
Snx3,0.6022441,0.0006693529,-0.4707361,
Gm34006,0.06407005,0.00044323172,-0.061658096,
Cd24a,0.17217264,0.00038613533,-0.15847291,
Crybg1,0.16155079,0.0005475548,-0.14920859,
Lilr4b,0.07556037,0.0003416914,-0.07250017,
Gm46224,0.047842108,0.00039625925,-0.046336733,
Nus1,0.07129055,0.00044853325,-0.068415605,
Man1a,0.37799934,0.00051852094,-0.3201143,
Pkib,0.1004101,0.00040964774,-0.09527336,
Gcc2,0.15201987,0.00043150168,-0.14108542,
Lims1,0.23975332,0.00052805664,-0.21438451,
Mcu,0.04357159,0.00035740386,-0.042291712,
Micu1,0.08498208,0.0003562734,-0.08120726,
Chst3,0.017664598,0.00049557665,-0.01701494,
Psap,0.91298854,0.0008822091,-0.6477849,
Vsir,0.27892268,0.0005764876,-0.24544175,
Sgpl1,0.1408595,0.00045841557,-0.1313236,
Prf1,0.14654472,0.00055303646,-0.13619995,
Lrrc20,0.032193393,0.00031119696,-0.031374898,
Ppa1,0.24883264,0.0007850672,-0.22142448,
Srgn,1.340785,0.0010936403,-0.8493933,
Herc4,0.22235312,0.00045002674,-0.20032786,
Reep3,0.30343774,0.00045974593,-0.26454556,
Egr2,0.0,0.0003839041,0.0003838304,
Arid5b,0.2252749,0.00063559954,-0.20252983,
Adora2a,0.10495192,0.00045492357,-0.099346995,
Upb1,0.0125424685,0.00043126766,-0.012033288,
Ggt1,0.013169992,0.00045933618,-0.012624791,
Ddt,0.20631488,0.0005433951,-0.18702692,
Mif,1.049887,0.0010566928,-0.7167285,
Icosl,0.19353583,0.00041902554,-0.17650126,
Trappc10,0.06285367,0.00039198145,-0.060565528,
Cstb,0.48402554,0.00056138524,-0.3941971,
2610008E11Rik,0.061799508,0.00038647174,-0.059578717,
Arid3a,0.07488189,0.00038504685,-0.07182581,
Tmem259,0.12492766,0.0004266296,-0.117292196,
Sbno2,0.3624163,0.00054802047,-0.30871198,
Gadd45b,0.35294816,0.0005917229,-0.30169448,
Nfyb,0.2288342,0.0005008444,-0.20556518,
Slc41a2,0.029055951,0.00034212737,-0.02829976,
1500009L16Rik,0.05651434,0.00031039593,-0.054664787,
Mterf2,0.026886366,0.00042846543,-0.026102906,
Hsp90b1,0.8173496,0.00073173124,-0.5966477,
Igf1,0.0765939,0.0003730102,-0.073429324,
Washc3,0.16303721,0.00054162904,-0.1504934,
Utp20,0.052615218,0.0003878299,-0.050889995,
Ikbip,0.059725113,0.0004222265,-0.05758741,
Tmpo,0.38705486,0.00057273114,-0.32661015,
Gm17745,0.019110212,0.00041660885,-0.018513383,
Metap2,0.314519,0.00065786095,-0.27281317,
Tmcc3,0.10974753,0.00040176188,-0.10373086,
Plxnc1,0.15905118,0.0005699509,-0.14703193,
Socs2,0.20525795,0.00051417184,-0.18617956,
Nudt4,0.11733213,0.00038088282,-0.11056302,
4930430F08Rik,0.04339748,0.0004117577,-0.04207052,
Csrp2,0.034664482,0.00036484664,-0.03371242,
Nap1l1,0.63754773,0.0008730495,-0.49232715,
Phlda1,0.0,0.00042479992,0.00042470972,
Glipr1,0.22453177,0.00045380506,-0.20210485,
Tmem19,0.131699,0.00051812496,-0.12320205,
Zfc3h1,0.19829452,0.0004198904,-0.18047951,
Rab3ip,0.115952805,0.0004579899,-0.109250695,
Lyz2,0.49794847,0.0010851657,-0.40301192,
Lyz1,0.17080715,0.0007908009,-0.1569029,
Nup107,0.046806157,0.00027936752,-0.04546444,
Gns,0.14834863,0.00051722775,-0.13780783,
Rassf3,0.1446558,0.00045634125,-0.13464773,
Ppm1h,0.11862224,0.0004082879,-0.11168959,
Mettl1,0.18050857,0.0006242012,-0.16532134,
Tspan31,0.105504215,0.0004330768,-0.09986855,
Agap2,0.021817999,0.00038813916,-0.021195328,
Dtx3,0.07395804,0.00039632773,-0.07095467,
Shmt2,0.10422294,0.00054856495,-0.09859344,
Prim1,0.027236179,0.000404328,-0.026467629,
Pa2g4,0.37071058,0.0007475166,-0.31458205,
Ikzf4,0.029522583,0.00038976895,-0.028705489,
Rab5b,0.03819523,0.00042219303,-0.037061743,
Cd63,0.38121796,0.00047876086,-0.32248703,
Bloc1s1,0.090304755,0.00039095856,-0.08606637,
Insr,0.011734829,0.0004126152,-0.01125398,
Zfp358,0.06244286,0.00040464132,-0.060166284,
Pnpla6,0.041196126,0.0003628193,-0.04000742,
Mcemp1,0.07580143,0.000394856,-0.07267112,
Fcer2a,0.09700005,0.00043040307,-0.092148915,
Cd209a,0.03551135,0.0005473877,-0.034348123,
Cd209d,0.02586824,0.0003582536,-0.02518113,
Cd209b,0.06700425,0.00040649128,-0.06444855,
Map2k7,0.118077755,0.00054691115,-0.11106416,
Cers4,0.16738796,0.00047021342,-0.15429863,
Efnb2,0.021359693,0.0003570814,-0.020777756,
Rab20,0.06684333,0.00038536193,-0.06431884,
Lamp1,0.65808976,0.00060521415,-0.50506115,
Tfdp1,0.1130192,0.00043312946,-0.10664328,
Cln8,0.02453344,0.00032468996,-0.02391269,
Gm26853,0.064591035,0.0003624668,-0.06222832,
Gm15056,0.0,0.0003668516,0.0003667843,
Ckap2,0.043821104,0.00035306168,-0.04253512,
Mrps31,0.026789479,0.00044966582,-0.025987359,
Ikbkb,0.5203914,0.0007417796,-0.4182263,
Adam9,0.017290741,0.00038326782,-0.016759763,
Thap1,0.052546736,0.0003737651,-0.050838996,
Gsr,0.34769234,0.0004710266,-0.29792285,
Gtf2e2,0.10549433,0.00039907885,-0.09989359,
Rbpms,0.13061513,0.00042416144,-0.12233777,
Micu3,0.02951596,0.00032122672,-0.028767573,
Asah1,0.06185355,0.00040708558,-0.05960901,
Tlr3,0.0561053,0.00042700744,-0.054160982,
Hmgb2,0.9451226,0.0008058799,-0.6645194,
Hpf1,0.30653217,0.00045378876,-0.26692277,
Palld,0.030384969,0.0003957387,-0.029536828,
Ddx60,0.115867026,0.0007134159,-0.10891854,
Msmo1,0.089204416,0.00033855968,-0.08510903,
March1,0.13301149,0.0003648185,-0.12451438,
Psd3,0.06396586,0.00044322124,-0.061560176,
Atp6v1b2,0.25838178,0.0005118609,-0.22931486,
Zfp868,0.0471274,0.0003244001,-0.045726262,
Mau2,0.29232675,0.0006778464,-0.25576666,
Lrrc25,0.055163328,0.00040372627,-0.05329192,
Arrdc2,0.036422312,0.00032988927,-0.035444863,
Abhd8,0.12939811,0.00053963496,-0.12114535,
Bst2,0.5398345,0.0013313378,-0.4303445,
Jak3,0.07036486,0.0005741376,-0.067425616,
Fcho1,0.10500555,0.00045587186,-0.09939458,
Cyp4f18,0.0702053,0.00029301154,-0.06755753,
Fam32a,0.32292733,0.0006233439,-0.2792238,
Klf2,1.6508777,0.0012700349,-0.97362155,
Hmox1,0.0759395,0.00043991095,-0.07275441,
Mcm5,0.1396791,0.00045806,-0.13028878,
Inpp4b,0.4741917,0.00067911326,-0.38743094,
Il15,0.09615412,0.000395994,-0.09141189,
Tbc1d9,0.08899266,0.00039071662,-0.08486247,
Scoc,0.026751023,0.00045081245,-0.025948757,
Dnajb1,0.18188128,0.00048782252,-0.16661976,
Adgrl1,0.049646575,0.00043266919,-0.048020937,
Asf1b,0.031240504,0.00043202523,-0.030330518,
Gm26532,0.0,0.00038129382,0.00038122115,
Ier2,0.67250556,0.0006214479,-0.51370156,
Lyl1,0.054415613,0.00036802006,-0.052618742,
Calr,1.1763998,0.0008986837,-0.77677375,
Dnase2a,0.18705568,0.00037464788,-0.17110145,
Junb,1.2004472,0.00090426294,-0.7877568,
Man2b1,0.36322212,0.0007027195,-0.30914864,
Dnaja2,0.41164792,0.00071708666,-0.34404093,
N4bp1,0.19740394,0.00047896698,-0.17967698,
Fto,0.22456314,0.00045628988,-0.20212798,
Lpcat2,0.059788212,0.0003446652,-0.057724483,
Mt2,0.08183665,0.00043509848,-0.078225195,
Mt1,0.24024796,0.0003834481,-0.21492796,
Herpud1,0.38770747,0.0005607154,-0.32709253,
Cpne2,0.04432912,0.00036354354,-0.043011215,
Ccl22,0.062708244,0.00053926324,-0.060281478,
Ccl17,0.025839891,0.000335591,-0.025176147,
Pdp2,0.060031757,0.0003751588,-0.05792378,
Rrad,0.068787836,0.0004605476,-0.06606471,
Ripor1,0.04228596,0.0003745392,-0.04104187,
Carmil2,0.10821142,0.0004893365,-0.10225817,
Edc4,0.05237639,0.0004563961,-0.050594542,
Dpep2,0.0125424685,0.00031319624,-0.012151316,
Slc7a6,0.022008087,0.00047918357,-0.021290338,
Sntb2,0.062420808,0.0004861485,-0.060064055,
Cog8,0.11624978,0.00039996445,-0.109574765,
Nfat5,0.2226848,0.0005451302,-0.20050412,
Zfhx3,0.011734829,0.00032572908,-0.011340834,
Hp,0.066998206,0.0003175204,-0.06453182,
Atxn1l,0.00921073,0.00036019864,-0.008808436,
Fuk,0.046048667,0.00043017048,-0.044589814,
Nudt7,0.012089689,0.00037209658,-0.011645166,
Maf,0.1496448,0.00046038878,-0.13899274,
Plcg2,0.10132576,0.0003580339,-0.09615672,
Irf8,0.4673528,0.00093238556,-0.38252804,
Zfpm1,0.04485528,0.00047087093,-0.043407626,
Mvd,0.057511706,0.0004265565,-0.055492237,
Cbfa2t3,0.26588604,0.0004950605,-0.23527735,
Vps9d1,0.13293639,0.00038312457,-0.12442979,
Ccsap,0.03348137,0.00037098213,-0.032562163,
Fam89a,0.027587447,0.00034787194,-0.02686596,
Gm26759,0.032055534,0.00050029415,-0.03105231,
Nrp1,0.115736544,0.0003727632,-0.10914207,
Itgb1,0.38535574,0.00064499874,-0.32531217,
Dnase1l3,0.10485679,0.00036610375,-0.099349685,
Psmd6,0.35130724,0.0005384085,-0.3005342,
Oxsm,0.028531447,0.0004130956,-0.027718997,
Ube2e2,0.049014248,0.00030216022,-0.0475488,
Rtraf,0.74639124,0.0007844418,-0.55676734,
Gng2,0.21091677,0.0006804247,-0.19069755,
Saysd1,0.1348926,0.0003746592,-0.12616344,
Actr8,0.110739216,0.00035680368,-0.10466901,
Prkcd,0.27338755,0.00051901693,-0.24116182,
Bap1,0.048253972,0.00037785454,-0.046748117,
Sh3bp5,0.2077164,0.00042451287,-0.18830688,
Wdfy4,0.11158922,0.00042823926,-0.10536258,
Arhgap22,0.1270902,0.00036903968,-0.119270295,
Ccser2,0.11970054,0.00060600915,-0.11245545,
2610528A11Rik,0.109448224,0.00032641544,-0.103536434,
AC160336.1,0.42670536,0.0010149635,-0.3543534,
Txndc16,0.07703183,0.0003691087,-0.07383991,
Ddhd1,0.15889981,0.00042983153,-0.1470414,
Gch1,0.07194655,0.00052464125,-0.068951696,
Mapk1ip1l,0.19495344,0.0005188028,-0.17758855,
Lgals3,0.31494427,0.000413691,-0.2733807,
Dlgap5,0.02807745,0.0002603529,-0.027430184,
Ktn1,0.28826407,0.00045247222,-0.25284326,
Parp2,0.11124253,0.0004347127,-0.10504417,
Pnp,0.26423153,0.0006150651,-0.23384957,
Rnase6,0.10210545,0.0004636478,-0.096758865,
Arhgef40,0.10307782,0.000386199,-0.097718164,
Trdc,0.07900497,0.00034930074,-0.07569005,
Slc7a7,0.025877958,0.00037745017,-0.025171412,
Prmt5,0.054468855,0.0006058826,-0.052431487,
1700123O20Rik,0.15494053,0.0005439664,-0.14350504,
Homez,0.045064077,0.00037349542,-0.043704774,
Pck2,0.06320751,0.00048089452,-0.06080951,
Psme2,1.1241177,0.0012513767,-0.75210595,
Ltb4r1,0.06662847,0.00046640335,-0.06403642,
Gzmb,0.033402514,0.0007702915,-0.03208677,
Mphosph8,0.2135882,0.00051818386,-0.19306338,
Rcbtb1,0.04081536,0.00034767893,-0.039656788,
Phf11a,0.017360294,0.00043217753,-0.016779242,
Phf11b,0.2018122,0.0009912606,-0.18283981,
Phf11d,0.0,0.00037966657,0.0003795945,
Phf11c,0.08333743,0.0006641626,-0.079382546,
Cab39l,0.019110212,0.00058904005,-0.01834104,
Mtmr6,0.09189627,0.0004674461,-0.087448545,
Ctsb,0.44258538,0.0005262163,-0.36591086,
Fdft1,0.04690171,0.00047699307,-0.045358174,
Clu,0.18296182,0.00041889242,-0.1676025,
Dpysl2,0.09296594,0.0004143332,-0.0884808,
Egr3,0.081840515,0.00030028063,-0.07836354,
Dok2,0.23629086,0.00050618534,-0.21160959,
Fndc3a,0.1630678,0.00054654817,-0.15051477,
Sucla2,0.10596024,0.0004012662,-0.10031277,
Rubcnl,0.011128032,0.00038275018,-0.010683893,
Zc3h13,0.29030478,0.000505776,-0.2543728,
Slc25a30,0.025962353,0.0003858431,-0.025245285,
Tsc22d1,0.0621664,0.0003396251,-0.05997103,
Serp2,0.01483432,0.00038704596,-0.0143383965,
Ccdc122,0.02788569,0.0003984166,-0.027105628,
Epsti1,0.95662206,0.0012411864,-0.6699791,
Sugt1,0.3164143,0.0005847868,-0.27432698,
Tbc1d4,0.42365268,0.0006578379,-0.35256827,
Kctd12,0.3410142,0.00038929508,-0.29303697,
Spry2,0.09555276,0.00036601565,-0.09089309,
Ipo5,0.24214067,0.00051478064,-0.2163216,
Dock9,0.07700223,0.00038202904,-0.07379951,
Ubac2,0.20027678,0.00064375927,-0.18190862,
Gpr183,0.32305264,0.00071814493,-0.2792238,
Clybl,0.04403202,0.00043504688,-0.042655207,
Ggact,0.01281429,0.0004063022,-0.012326662,
Casp1,0.04175985,0.0004768789,-0.040434677,
Casp4,0.17698137,0.0003931355,-0.16255994,
Tmem123,0.8495423,0.0008160615,-0.61412245,
Birc2,0.4131305,0.0005829554,-0.34522465,
Izumo1r,0.20724018,0.0005841618,-0.18775293,
4931406C07Rik,0.031777114,0.00049584766,-0.030786943,
Smco4,0.17836943,0.00046654587,-0.16366522,
Chordc1,0.22410294,0.00049513247,-0.20171326,
Zfp846,0.011332581,0.0004675217,-0.010801436,
S1pr2,0.020823974,0.0003712195,-0.02023897,
Icam1,0.38835955,0.00056949316,-0.3275535,
AB124611,0.22309926,0.0004851882,-0.20090294,
Carm1,0.098029524,0.00036237505,-0.09315493,
Ldlr,0.054869153,0.00048575364,-0.052931096,
Spc24,0.026460811,0.00032093193,-0.0257959,
Tmem205,0.033740163,0.000427701,-0.03275584,
Zfp810,0.11444486,0.00029429217,-0.10806215,
Dpy19l1,0.13794425,0.00045754816,-0.1287659,
Aplp2,0.23347037,0.00047397325,-0.20935777,
St3gal4,0.062699534,0.00048323086,-0.060329285,
Slc37a2,0.026751023,0.00033858002,-0.026060946,
Vwa5a,0.10036274,0.00040218205,-0.095237784,
Gramd1b,0.059157666,0.0004796968,-0.056994352,
Ubash3b,0.21072723,0.00044235284,-0.19077894,
Tbcel,0.10575303,0.0004903181,-0.100036375,
Nectin1,0.09414832,0.00030290568,-0.089673415,
Thy1,0.7792293,0.00093052874,-0.5752502,
H2afx,0.23123246,0.0004366014,-0.20757917,
Cxcr5,0.076036654,0.00044571268,-0.07283891,
Ube4a,0.12323408,0.00050918886,-0.11570303,
Cd3g,1.3646011,0.0015390135,-0.8590715,
Jaml,0.14960524,0.0008889016,-0.1385301,
Fxyd2,0.1419486,0.0004267533,-0.13230944,
Dscaml1,0.06504694,0.00030120215,-0.06271772,
Cep164,0.1105977,0.00043245612,-0.10446597,
Sik3,0.067974664,0.00049149507,-0.065272644,
Cadm1,0.038204096,0.00029350526,-0.037198927,
Il18,0.08249742,0.00037996614,-0.0788909,
Sik2,0.151412,0.0004268445,-0.14056225,
Pou2af1,0.10151248,0.00045293607,-0.09623138,
Zc3h12c,0.049580164,0.00042897588,-0.047961358,
Etfa,0.22407965,0.00055055553,-0.20163885,
Scaper,0.06533875,0.00042732275,-0.0628656,
Tspan3,0.12807208,0.0004572527,-0.12005291,
Sin3a,0.12734811,0.0004353152,-0.11943285,
Neil1,0.029263552,0.0004037158,-0.028439913,
Scamp2,0.20549202,0.00055102335,-0.18633693,
Pml,0.0960585,0.0007477734,-0.09097307,
Stoml1,0.052985318,0.00048730636,-0.051142104,
Nptn,0.15959227,0.00042605202,-0.1476425,
Arih1,0.31521896,0.00052059843,-0.2734827,
Parp6,0.06780176,0.00041612907,-0.06518607,
Pkm,0.99262685,0.000811229,-0.68864286,
Kif23,0.067826696,0.00040860183,-0.065216936,
Glce,0.013290403,0.00038341174,-0.012819523,
Map2k1,0.054675594,0.00042774033,-0.052805576,
Tipin,0.16546527,0.00036883893,-0.15275161,
Rab11a,0.19951038,0.00046758988,-0.18144599,
Dennd4a,0.26094198,0.000514528,-0.23134464,
Plekho2,0.21070576,0.00048475247,-0.19071883,
Pclaf,0.07762962,0.00043957567,-0.07432435,
Rab8b,0.2881202,0.0004922691,-0.25269178,
Rps27l,0.8233625,0.0006737873,-0.6000088,
Lactb,0.13702787,0.00041836244,-0.12799945,
Anxa2,0.44867954,0.00062378275,-0.37002888,
Bnip2,0.2911089,0.0005331425,-0.25496846,
Myo1e,0.044884138,0.00045038995,-0.043455716,
Ccnb2,0.076147765,0.00034489878,-0.07304294,
Mindy2,0.20036508,0.00047586142,-0.18214999,
Mns1,0.06615358,0.00042413585,-0.063633345,
Nedd4,0.24187997,0.00044016042,-0.21618629,
Myo5a,0.053263687,0.00047372645,-0.051420003,
Gclc,0.1121273,0.00041545648,-0.105859295,
Mb21d1,0.07810588,0.00049446244,-0.074711345,
Myo6,0.046326615,0.00031474873,-0.04497087,
Hmgn3,0.13614458,0.00046419914,-0.12717648,
Fam46a,0.23565519,0.00051938655,-0.2110821,
Cyb5r4,0.18557853,0.00051915954,-0.16971184,
Nt5e,0.045332186,0.00036893124,-0.043965854,
Bcl2a1d,0.17202203,0.0005274128,-0.15820321,
Bcl2a1a,0.12663402,0.00037686888,-0.118857644,
Bcl2a1b,0.41569054,0.0006456115,-0.34697202,
Tmed3,0.12661238,0.0006387969,-0.118576646,
Ctsh,0.45776117,0.0006080209,-0.37629396,
Plscr1,0.025259644,0.00042186934,-0.024524111,
Gk5,0.0,0.00035654238,0.00035647882,
Faim,0.19067496,0.00045983138,-0.17406061,
Cep70,0.052453734,0.00032439432,-0.050799984,
Trf,0.052546833,0.00042868595,-0.050784186,
1300017J02Rik,0.085127026,0.00037163644,-0.08132549,
Dnajc13,0.15311168,0.00048453212,-0.14197968,
Atp2c1,0.23316947,0.00044047064,-0.20914729,
Ppm1m,0.19959195,0.0004386573,-0.18154289,
Tex264,0.18602967,0.00051225687,-0.1700992,
Manf,0.4818032,0.0006603098,-0.39259964,
Cish,0.04241797,0.00043063,-0.04111245,
Hyal2,0.044024892,0.00031046785,-0.04277291,
Dag1,0.03523151,0.0003595075,-0.03426564,
Gpx1,0.87246084,0.0007937294,-0.62646013,
Wdr6,0.009862435,0.0003690103,-0.009445176,
Arih2,0.044028573,0.00037233214,-0.042714592,
Cdc25a,0.05368844,0.00039328885,-0.051903598,
Ptpn23,0.029193865,0.00043313784,-0.028342796,
Als2cl,0.15725836,0.0004814815,-0.14557235,
Ccrl2,0.04018622,0.00040557166,-0.03899426,
Pdcd6ip,0.31621808,0.0005241192,-0.27423853,
Eomes,0.07765002,0.0006285101,-0.07415445,
Cx3cr1,0.02276421,0.00031176294,-0.022197258,
Zkscan7,0.05431083,0.0002838391,-0.052603513,
Tmem158,0.0672348,0.00036751747,-0.06470356,
Sacm1l,0.07377743,0.00045330366,-0.07072954,
Ccr9,0.12559848,0.00058943866,-0.1177256,
Xcr1,0.05761353,0.00040875465,-0.05560631,
Ccr1,0.08425939,0.00048201648,-0.080415264,
Ccr2,0.20019439,0.00052030256,-0.18196337,
Ccr5,0.13566159,0.00054232636,-0.12667319,
Pik3ip1,0.23102902,0.0005159857,-0.20733456,
Selenom,0.09285783,0.00033015208,-0.088466026,
Sf3a1,0.18135762,0.00047510935,-0.16618931,
Ascc2,0.03490137,0.0005032784,-0.033802975,
Nefh,0.03781781,0.0003975245,-0.036722805,
Xbp1,0.3009895,0.0005133638,-0.2626119,
Mrps24,0.54047537,0.0006144614,-0.43147677,
Dbnl,0.4600306,0.00074526406,-0.3777124,
Myo1g,0.3849877,0.00062807975,-0.32506338,
Tns3,0.057861455,0.00033794242,-0.055911493,
Fignl1,0.02276421,0.0003214956,-0.022187527,
Plek,0.24720609,0.000521149,-0.22038491,
Aftph,0.16860913,0.0004823362,-0.15533204,
0610010F05Rik,0.06394598,0.0003717232,-0.061612964,
Pex13,0.14981134,0.0004199702,-0.139178,
Bcl11a,0.12949368,0.000417265,-0.12135228,
Fancl,0.047065757,0.00043081815,-0.045561012,
Vrk2,0.2281353,0.0004051403,-0.20509195,
Ccdc88a,0.27723628,0.0003872562,-0.2443114,
Rtn4,0.35143283,0.0006386999,-0.30052692,
Snrnp25,0.23476703,0.00038782432,-0.21049458,
Hba-a1,0.08441648,0.0010835811,-0.079959035,
Npm1,2.1815486,0.0016378848,-1.1557316,
Ebf1,0.29807335,0.00055485277,-0.26032645,
Lsm11,0.08597482,0.0004079456,-0.08207018,
Havcr2,0.036483955,0.00034274723,-0.03549148,
Timd4,0.14652503,0.00042545423,-0.13631028,
Trim7,0.061894454,0.00036708848,-0.059687514,
Irgm1,0.20961055,0.0006998827,-0.1895988,
Tgtp1,0.0389512,0.00037647918,-0.037835337,
Ifi47,0.5001791,0.00091199,-0.40467292,
Mgat4b,0.07542401,0.00034798877,-0.07236709,
Ltc4s,0.119690835,0.00030073413,-0.112751916,
Phykpl,0.039111372,0.00037701897,-0.03798895,
Gm26551,0.066273175,0.0005485369,-0.06362117,
Tcf7,0.97787637,0.0008885939,-0.6811355,
Vdac1,0.440903,0.00047849322,-0.3647916,
Aff4,0.20870093,0.0004264668,-0.18911979,
Irf1,0.43734542,0.0008944809,-0.36190388,
Pdlim4,0.0602698,0.00042148112,-0.05810201,
Fnip1,0.12909093,0.00044537793,-0.12096755,
Gm2a,0.52622086,0.0005760718,-0.42221874,
Atox1,0.86705744,0.0006878012,-0.6236761,
Igtp,0.2354976,0.0008131748,-0.21066095,
Irgm2,0.03664665,0.0005970359,-0.03539427,
Hist3h2a,0.067817286,0.0004960668,-0.065120704,
Mprip,0.099783525,0.00044843616,-0.09466503,
Trpv2,0.13462833,0.00044498488,-0.12586024,
Mmgt2,0.122117266,0.0005279995,-0.114689454,
Gas7,0.055659153,0.0003550426,-0.05381038,
9330160F10Rik,0.00921073,0.00038784245,-0.008780803,
Borcs6,0.1923973,0.0003562767,-0.1756096,
Cd68,0.09200368,0.00040947003,-0.08760486,
Ctdnep1,0.20256945,0.00053276226,-0.18392785,
Gabarap,1.275895,0.00091161503,-0.8214622,
Dvl2,0.06404572,0.0004674226,-0.06161105,
Mgl2,0.0,0.00048602867,0.0004859106,
Clec10a,0.05350019,0.00035105378,-0.051767144,
Cxcl16,0.21504633,0.0004977035,-0.19428462,
Zmynd15,0.12621967,0.00041490703,-0.11845178,
Tm4sf5,0.05130577,0.00036494198,-0.04966811,
Eno3,0.119613744,0.0004558624,-0.112528,
Kif1c,0.07122038,0.00039127492,-0.06840734,
Scimp,0.04424164,0.0005212748,-0.04276978,
Rpain,0.06426682,0.00038743808,-0.06189877,
Txndc17,0.5354988,0.00062021444,-0.4282353,
Xaf1,0.18582927,0.0006742925,-0.16976826,
Atp2a3,0.22697005,0.00042079858,-0.20412704,
Itgae,0.114353135,0.00040269984,-0.10787147,
Tax1bp3,0.044140678,0.00044444855,-0.042749878,
Rpa1,0.18073733,0.00047505557,-0.16566415,
Smyd4,0.024832021,0.00036154783,-0.024167236,
Myo1c,0.16410029,0.00047858153,-0.15147005,
Rflnb,0.16154401,0.00054592633,-0.1492044,
Glod4,0.18446273,0.00055868033,-0.16873075,
Timm22,0.17924729,0.0004672207,-0.16440925,
Unc119,0.07473252,0.00035966103,-0.07171222,
Tnfaip1,0.060673133,0.00052352133,-0.058380354,
Tmem97,0.04552073,0.00035091626,-0.044164214,
Nlk,0.13585179,0.0004817247,-0.12690124,
Lgals9,0.21792956,0.0007163204,-0.19643629,
Evi2a,0.21152855,0.00052928086,-0.1913537,
Atad5,0.035696507,0.00036266053,-0.03471156,
Adap2,0.0,0.0003371346,0.0003370778,
Psmd11,0.251088,0.00045455716,-0.22355911,
Ccl2,0.0,0.0004150385,0.0004149524,
Ccl12,0.09740923,0.0006281524,-0.092324205,
Ccl8,0.10160416,0.00041686834,-0.09635067,
Slfn5,0.2399296,0.001011487,-0.21404363,
Slfn9,0.017373743,0.00041717704,-0.016807454,
Ccl5,1.4088892,0.0016612886,-0.8775058,
Ccl9,0.035961755,0.00038721468,-0.03494309,
Ccl6,0.048403203,0.0004968971,-0.046771474,
Ccl3,0.037902344,0.00045145449,-0.036750346,
Ccl4,0.13501972,0.00068071624,-0.12596953,
Wfdc17,0.09615377,0.0003421825,-0.09146536,
Appbp2,0.1400893,0.0004150443,-0.13069165,
Rnf43,0.048496917,0.00035872986,-0.046998966,
Tspoap1,0.04157308,0.00032138647,-0.040410813,
Vezf1,0.30378824,0.0004744818,-0.2647997,
Scpep1,0.052801102,0.00038092452,-0.051073477,
Mmd,0.00921073,0.00047455504,-0.008694127,
Tob1,0.042560488,0.000440573,-0.04123922,
Kat7,0.07016589,0.00044084725,-0.067372926,
Spop,0.3710246,0.0005262243,-0.31503224,
Gngt2,0.36913553,0.00053006795,-0.31364962,
Ube2z,0.17125505,0.00053856114,-0.15753746,
Nfe2l1,0.10490767,0.00047056846,-0.09929132,
Mrpl10,0.13308445,0.00031686106,-0.1246267,
Tbx21,0.099890694,0.0004938796,-0.09471705,
Lasp1,0.23372194,0.0004107729,-0.20962487,
Arl5c,0.37693936,0.0006446422,-0.31921872,
Fbxl20,0.08406285,0.0004535714,-0.080262415,
Rara,0.182657,0.00055961276,-0.16720416,
Top2a,0.032193393,0.0003839125,-0.031302206,
Igfbp4,0.55561554,0.0010482019,-0.44082367,
Dhx58,0.112016164,0.0005321242,-0.10564275,
Stat5b,0.21428712,0.0003821775,-0.19377507,
Atp6v0a1,0.051944718,0.00034613785,-0.05029448,
Arl4d,0.051327895,0.00035039644,-0.049703695,
Dhx8,0.1165768,0.00045714466,-0.10981053,
Dusp3,0.075306065,0.00032392415,-0.072281465,
Grn,0.12527622,0.0005089318,-0.11751974,
Ccdc43,0.05039951,0.0003916049,-0.048779048,
Adam11,0.0721943,0.00046178495,-0.06924562,
Itgb3,0.049998187,0.00049593335,-0.04829263,
1700052K11Rik,0.05540295,0.0003631539,-0.05355955,
Cd79b,0.37214884,0.0007641054,-0.3156142,
Pecam1,0.23657931,0.0006178503,-0.2117313,
Prkca,0.2416201,0.0005281322,-0.21588907,
Cd300a,0.0825437,0.0003468247,-0.07896678,
Cd300ld,0.056853294,0.00041361112,-0.054882377,
Cd300c2,0.02276421,0.00036845493,-0.022140585,
Cd300lf,0.052105676,0.00037011554,-0.050423514,
Nup85,0.08806607,0.0003139518,-0.08408797,
Mif4gd,0.22100745,0.0003434972,-0.19933285,
Trim65,0.074190445,0.00057823886,-0.07098923,
Mrpl38,0.36786476,0.000577524,-0.3126736,
Exoc7,0.09160498,0.0004277882,-0.08722138,
Ube2o,0.044165306,0.0004202287,-0.042797673,
Syngr2,0.45179254,0.0005439776,-0.37225518,
Birc5,0.03971486,0.00032583214,-0.038620725,
Socs3,0.17471367,0.0004856119,-0.16053893,
Timp2,0.17328429,0.00051822385,-0.15928882,
Rnf213,0.42780742,0.0009677719,-0.3551727,
Actg1,2.8256495,0.002079313,-1.3396511,
Alyref,0.27035072,0.00059528416,-0.23869792,
Cenpx,0.44797826,0.000580513,-0.36958793,
Cd7,0.22292703,0.0006956075,-0.20055184,
Narf,0.017797181,0.0003390786,-0.017301643,
Metrnl,0.037597563,0.0003563032,-0.03655177,
Calm4,0.017797181,0.00033278618,-0.017307933,
Net1,0.20786998,0.00045884846,-0.1883997,
Pfkp,0.2894472,0.000551459,-0.2536623,
Idi1,0.10346898,0.00039456217,-0.09806434,
Gpr137b,0.07740891,0.00039661292,-0.07416247,
Lyst,0.22074269,0.00054492184,-0.19891466,
Rala,0.32319793,0.00040290828,-0.27964863,
Yae1d1,0.10022959,0.0004844207,-0.09503457,
Tcrg-C4,0.05390726,0.00036556646,-0.052138958,
Gpr141,0.014667544,0.00041392556,-0.0141471755,
Hist1h4h,0.024773668,0.00042231556,-0.024049552,
Hist1h1d,0.08209956,0.0005460194,-0.078357324,
Hist1h1e,0.20516774,0.0006408933,-0.18597807,
Hist1h2bc,0.1211181,0.00039864262,-0.11392793,
Hfe,0.017031627,0.0004059547,-0.016482342,
Hist1h1c,0.3463561,0.0004972928,-0.2969046,
Hist1h1a,0.03649521,0.0003574976,-0.035487596,
Carmil1,0.021495046,0.00033973114,-0.020927612,
Ripor2,0.6393595,0.000604327,-0.49370146,
Sox4,0.1423924,0.00040571546,-0.13271903,
E2f3,0.07480577,0.00040451944,-0.07173552,
Serpinb1a,0.22816175,0.00038289095,-0.20513573,
Serpinb6b,0.16353033,0.0005295855,-0.15092933,
Serpinb9,0.24676745,0.0004314726,-0.22012278,
Tubb2a,0.08922996,0.00036446098,-0.085106604,
Tubb2b,0.09649509,0.00039071086,-0.09172818,
Slc22a23,0.035386644,0.00042502853,-0.03434999,
Pxdc1,0.08055681,0.00042614416,-0.077050425,
Ly86,0.21823114,0.0005503868,-0.19684969,
Gm47754,0.020843804,0.00045707732,-0.020172572,
Sirt5,0.05739025,0.00041611586,-0.055387814,
Cd83,0.24309263,0.00035890442,-0.2172435,
Gm34084,0.0,0.00035030954,0.0003502482,
Atxn1,0.11217855,0.0004150657,-0.105905764,
Kdm1b,0.0429057,0.0003912978,-0.041619536,
Dek,0.6088709,0.00067297654,-0.4748599,
Susd3,0.13456044,0.0005204465,-0.12572499,
Fgd3,0.08300165,0.0004310587,-0.07930553,
Iars,0.10807727,0.0003982825,-0.10222812,
Cks2,0.16188864,0.0004836441,-0.1495633,
Gadd45g,0.054301683,0.00051204755,-0.05236672,
Syk,0.1627318,0.0005084481,-0.15026392,
Auh,0.099351086,0.00046536344,-0.09425484,
Nfil3,0.05053484,0.00029692348,-0.04900253,
Thoc3,0.11255476,0.00043357047,-0.106225476,
4833439L19Rik,0.011332581,0.00038444667,-0.010884476,
Arl10,0.047188133,0.00034616544,-0.045762498,
Hk3,0.05624274,0.0004023599,-0.054315746,
Uimc1,0.11384425,0.0005416138,-0.10727586,
Nsd1,0.36966234,0.0005721649,-0.31399223,
Rab24,0.11296718,0.0005570692,-0.10647266,
Dok3,0.09284653,0.00040862194,-0.08837725,
Txndc15,0.14686893,0.0004989794,-0.1365367,
Tifab,0.0125424685,0.00026762948,-0.012196869,
Tgfbi,0.110254794,0.000445729,-0.10414391,
Ctla2a,0.25132793,0.00081438763,-0.22339128,
Gm5141,0.026719924,0.00036674403,-0.026002504,
Ctsl,0.115721956,0.0005303728,-0.108971454,
Mfsd14b,0.112844154,0.0003559466,-0.10656315,
Ftl1-ps1,0.070675366,0.00041238853,-0.06787733,
Glrx,0.18758261,0.0005080337,-0.17141192,
Mef2c,0.28665364,0.00052849343,-0.2515164,
Dhfr,0.052607074,0.00035178819,-0.05091829,
Arsb,0.15382679,0.00044136486,-0.14264278,
Scamp1,0.017290741,0.0003053773,-0.016837627,
Aggf1,0.067200445,0.00048732662,-0.06455161,
F2r,0.09052969,0.00043145995,-0.08623216,
Hmgcr,0.08615978,0.00045976424,-0.08218868,
Fcho2,0.1868782,0.00038786928,-0.17093872,
Zfp366,0.07106569,0.00033346948,-0.06832071,
Mrps27,0.058806963,0.00045679574,-0.056686077,
Naip2,0.046517275,0.00032344897,-0.045144375,
Ccnb1,0.032194614,0.0003172579,-0.03137002,
Cd180,0.16330417,0.00041399596,-0.15085046,
Mast4,0.11947869,0.00039762218,-0.112465575,
Adamts6,0.0,0.00044615526,0.00044605578,
Mier3,0.091571756,0.00041541355,-0.08720332,
Il6st,0.3695919,0.00053821976,-0.31397474,
Gzma,0.2519734,0.0015129724,-0.22320919,
Snx18,0.09195703,0.00048058425,-0.087491065,
Itga2,0.082708724,0.00042660386,-0.07903946,
Itga1,0.045399424,0.0003512156,-0.04404788,
Hmgcs1,0.11577961,0.00042771682,-0.10912573,
Gm21188,0.06364377,0.0003437367,-0.061356854,
Asxl2,0.3191935,0.0006375908,-0.2763832,
Ubxn2a,0.18059736,0.00043743328,-0.16558321,
Rhob,0.18430497,0.0003595913,-0.16879655,
Gen1,0.034499038,0.00034399825,-0.03357335,
Fam49a,0.25799274,0.00046714707,-0.22905035,
Trib2,0.25345224,0.0005291182,-0.22537257,
Hpcal1,0.20782071,0.0005426423,-0.18827517,
Rrm2,0.01483432,0.0003427592,-0.014382667,
Id2,0.6984552,0.0009592832,-0.5287603,
Rsad2,0.009436342,0.0008830667,-0.008509421,
Cmpk2,0.039063126,0.0005289776,-0.03779063,
Ccdc71l,0.120499,0.0004102658,-0.11336394,
Gdap10,0.064837016,0.0004813667,-0.0623405,
Ahr,0.099837184,0.00045027313,-0.09471198,
Dnajb9,0.1420588,0.00043555236,-0.13239715,
Gm26517,0.05106312,0.00034180013,-0.049460404,
Nubpl,0.009429184,0.00038170413,-0.009003375,
Arhgap5,0.13169144,0.00049556716,-0.12321792,
Sptssa,0.40562502,0.0006844863,-0.3397978,
Cfl2,0.078411244,0.00051243126,-0.074976586,
Baz1a,0.34858012,0.0006787172,-0.2983738,
Nfkbia,0.7987651,0.00082362874,-0.58627707,
Gemin2,0.038683683,0.00048359722,-0.037470743,
Mis18bp1,0.029948216,0.0003183119,-0.029190265,
Klhdc1,0.11105204,0.0005047561,-0.10480272,
Klhdc2,0.17546976,0.0004717208,-0.16119625,
Sos2,0.050693255,0.0003588718,-0.04909138,
Sav1,0.11662707,0.0003937135,-0.10991895,
Pygl,0.11654307,0.00034928898,-0.10988814,
Timm9,0.17465627,0.000504623,-0.16047108,
Daam1,0.07857086,0.00031239988,-0.075324535,
Max,0.16687539,0.00069751556,-0.1536323,
Mpp5,0.08281035,0.0005274244,-0.079032555,
Arg2,0.06620605,0.00022760204,-0.06387902,
Zfp36l1,0.7265863,0.0009077059,-0.5452389,
Erh,0.22545859,0.00058379944,-0.20273149,
Pcnx,0.038750157,0.0004803348,-0.037538,
Npc2,1.1993716,0.001226222,-0.7869462,
Fos,0.5395476,0.00064592325,-0.4308429,
Batf,0.11565559,0.0005139975,-0.10892834,
Erg28,0.28059012,0.00047787427,-0.24684323,
Gpatch2l,0.04870467,0.00048111015,-0.047074758,
Irf2bpl,0.17992868,0.00051252916,-0.16494161,
Gtf2a1,0.24896945,0.00044437405,-0.22187449,
Calm1,2.0864491,0.0013432555,-1.125679,
Rps6ka5,0.08931878,0.00049088383,-0.08506177,
Lgmn,0.12524098,0.00038318645,-0.117614105,
Gm20604,0.01008851,0.00033703484,-0.009700984,
Btbd7,0.11793796,0.0006073706,-0.11087869,
Ifi27,0.43801713,0.0007003188,-0.36256507,
Ifi27l2a,1.301337,0.001996725,-0.8314955,
Serpina3f,0.0,0.00040954954,0.0004094657,
Serpina3g,0.2533084,0.0006073179,-0.22517963,
Gm28875,0.026138071,0.0005674387,-0.025235033,
Vrk1,0.20627448,0.00051363854,-0.18702315,
Setd3,0.13608275,0.0005037171,-0.12708257,
Slc25a29,0.025339805,0.0003954548,-0.024628697,
Cdc42bpb,0.059298556,0.00031200936,-0.057294987,
Tnfaip2,0.12597033,0.0004002347,-0.11824502,
Ckb,0.12594238,0.00041997238,-0.11820047,
Adssl1,0.097254775,0.0003987201,-0.09241276,
Pld4,0.05874553,0.000471398,-0.05661346,
Crip1,1.631505,0.0015756356,-0.96598154,
Ighd,0.21342158,0.0005874572,-0.19285683,
Ighm,1.1373675,0.0011433655,-0.7584322,
Selenop,0.35008213,0.00058553787,-0.29958004,
Ptger4,0.1583252,0.00048349475,-0.14649178,
Dab2,0.052095674,0.0003792282,-0.0504049,
Lifr,0.038134545,0.0003649905,-0.03706047,
Il7r,0.67489475,0.000978567,-0.5147722,
Rad1,0.024045303,0.00042902492,-0.023331834,
Basp1,0.31506056,0.0004351493,-0.27344763,
Dap,0.30082998,0.00049122627,-0.26251137,
Ankrd33b,0.11172898,0.00037866912,-0.105537854,
Laptm4b,0.058053337,0.00032735438,-0.056103446,
Gm48960,0.0,0.0004755154,0.00047540237,
Rnf19a,0.0761744,0.00034537094,-0.07306722,
Trps1,0.1968248,0.00045912163,-0.17921305,
Trib1,0.07980032,0.00036320588,-0.07641299,
Fam84b,0.011603677,0.00051996263,-0.011017043,
Sla,0.28903657,0.0006239487,-0.25327134,
Ndrg1,0.08280399,0.00040208892,-0.07915195,
St3gal1,0.09104935,0.00049221603,-0.086647846,
Them6,0.063947104,0.0005711637,-0.061414674,
Ly6d,0.3625406,0.00079722627,-0.30855414,
Ly6k,0.019662248,0.00039620377,-0.019075317,
Ly6i,0.011387633,0.00035080346,-0.01097254,
Ly6a,0.26356998,0.0013081589,-0.23263372,
Ly6c2,0.35374343,0.001638674,-0.30123633,
Plec,0.32515892,0.00051189424,-0.2810206,
Parp10,0.13395202,0.000514068,-0.12519495,
Grina,0.18660809,0.000581331,-0.17051774,
Hgh1,0.040165167,0.00039312075,-0.03898647,
Mroh1,0.05104794,0.00032876868,-0.049458988,
Bop1,0.075942904,0.000488568,-0.07270896,
Apol7c,0.27319884,0.0007311197,-0.24080165,
Apol9b,0.0,0.00041784396,0.0004177567,
Csf2rb2,0.052351028,0.00045044319,-0.050576393,
Csf2rb,0.13622846,0.0004327312,-0.12728177,
Kctd17,0.030796036,0.0002984804,-0.030032918,
Il2rb,0.5022524,0.00057697576,-0.40638876,
Sh3bp1,0.37526032,0.00051226706,-0.3181309,
Lgals1,0.7918138,0.00090735016,-0.5823214,
H1f0,0.13638107,0.00033733048,-0.12751146,
Micall1,0.048504606,0.0005209989,-0.046844102,
Josd1,0.116929896,0.00043016695,-0.11015368,
Tnfrsf13c,0.09330858,0.00044474564,-0.088763855,
Sept3,0.027304884,0.00036997316,-0.02656885,
Naga,0.11884734,0.00039568805,-0.111903384,
Smdt1,0.66003764,0.00077215064,-0.5060684,
Nfam1,0.0645312,0.00038948745,-0.0621451,
Serhl,0.149293,0.000434933,-0.13871212,
Cyb5r3,0.06959996,0.00049114286,-0.06679369,
Trmu,0.06509194,0.00036418551,-0.062697,
Alg12,0.026528584,0.0003479088,-0.025834953,
Selenoo,0.09626857,0.00034439034,-0.09156788,
Lmf2,0.03604333,0.00039520898,-0.03501384,
Abcd2,0.017664598,0.0003218264,-0.01718862,
Gxylt1,0.07807235,0.00032876944,-0.07484587,
Twf1,0.05042985,0.00037011981,-0.04882941,
Slc38a2,0.681164,0.000888923,-0.5185979,
Senp1,0.16030626,0.00045059406,-0.1482335,
Ccdc184,0.04417231,0.00047061098,-0.042754024,
Adcy6,0.07501529,0.00041449856,-0.07192047,
Cacnb3,0.15829504,0.00046789294,-0.14648135,
Tuba1a,0.32228434,0.0005785999,-0.27878237,
Tuba1c,0.22562861,0.00040288083,-0.20305108,
Racgap1,0.067172565,0.00041480007,-0.06459798,
Lima1,0.10940765,0.00030469432,-0.10352158,
Tfcp2,0.024252966,0.00043431658,-0.023529312,
Smagp,0.07481884,0.00035863867,-0.071793556,
Slc4a8,0.09422985,0.00037014796,-0.0896807,
Eif4b,0.52348334,0.0007979452,-0.42020175,
Spryd3,0.103458144,0.0004577674,-0.097991355,
Espl1,0.01483432,0.00034029616,-0.014385129,
Cbx5,0.12138298,0.00041255436,-0.11415026,
Cdip1,0.022720214,0.00045317734,-0.022012878,
Rogdi,0.213545,0.00041423383,-0.19313169,
Nagpa,0.033923015,0.0004317292,-0.032928683,
Carhsp1,0.063781835,0.0003656279,-0.061464764,
Ciita,0.25827152,0.0004608476,-0.22927822,
Socs1,0.3064121,0.00088270893,-0.26640218,
Rmi2,0.10510699,0.00036388604,-0.099578336,
Litaf,0.13491227,0.00043162328,-0.12612383,
Snn,0.13516921,0.0005128471,-0.126269,
2610020C07Rik,0.047570817,0.0003999042,-0.046074152,
Cebpd,0.06707962,0.0003984525,-0.06452721,
Spidr,0.07108339,0.00035161673,-0.06831909,
Dnm1l,0.13964301,0.0004159572,-0.1302992,
Sdf2l1,0.21566404,0.00045956575,-0.194831,
Snap29,0.09601231,0.0003510225,-0.091327466,
Crkl,0.090465635,0.00036926736,-0.08623559,
Lztr1,0.045323547,0.0003401336,-0.043986376,
Tango2,0.12169956,0.00040644678,-0.11443863,
Comt,0.17233144,0.00046395313,-0.15853061,
Iglc1,0.0611914,0.00045014915,-0.05894219,
Iglc3,0.22784284,0.00043939444,-0.20481955,
Iglc2,0.2040857,0.00065400725,-0.18506673,
B3gnt5,0.08840945,0.00036921632,-0.08434827,
Yeats2,0.12689358,0.0004849806,-0.11897994,
Psmd2,0.38881275,0.00052702427,-0.32792237,
Eif4g1,0.2792625,0.00054451067,-0.24573937,
2510009E07Rik,0.031350333,0.00038702897,-0.030481994,
Rtp4,0.21368867,0.0006967493,-0.1929677,
Il1rap,0.040423747,0.00042402942,-0.039204143,
Hes1,0.075885415,0.00030933908,-0.07283468,
Fam43a,0.071269095,0.0003708904,-0.06847319,
Acap2,0.12512384,0.00056270044,-0.11733057,
Ppp1r2,0.1322406,0.00048264148,-0.123715974,
Nrros,0.1539925,0.0004647611,-0.14276302,
Rnf168,0.034151845,0.00046654468,-0.033115182,
Tctex1d2,0.08399522,0.00041618873,-0.080237396,
Pcyt1a,0.024772832,0.0003309273,-0.024140088,
Rubcn,0.03167858,0.0002965829,-0.030890627,
Parp14,0.30292448,0.0008911437,-0.26372057,
Cd86,0.10926212,0.00054560043,-0.10314959,
Golgb1,0.21025358,0.00041952045,-0.19041047,
Poglut1,0.13757208,0.0003721201,-0.12852418,
Tmem39a,0.16085483,0.00041749087,-0.14873926,
Arhgap31,0.24206272,0.00048157325,-0.21629202,
B4galt4,0.017360294,0.0003317539,-0.016879627,
Atp6v1a,0.06808093,0.00041071707,-0.06545289,
Sidt1,0.057521217,0.00054337876,-0.05538446,
Cd200r4,0.044432092,0.00042955516,-0.043043822,
Btla,0.1569858,0.00043584564,-0.14538243,
Cd200,0.16933289,0.00051252363,-0.15592103,
Retnlg,0.06495625,0.00041729462,-0.06251651,
Nxpe3,0.14573318,0.00043196435,-0.13561289,
Zbtb11,0.0436059,0.0004695186,-0.04221252,
Tbc1d23,0.07237844,0.00043439315,-0.06944472,
St3gal6,0.14040312,0.0005259609,-0.13085599,
Cldnd1,0.10103847,0.00057698233,-0.09567698,
Cggbp1,0.32495365,0.000528428,-0.2808492,
Samsn1,0.308943,0.0005467611,-0.26867333,
Nrip1,0.3248203,0.000595972,-0.28068104,
Usp25,0.21456118,0.0007163236,-0.19366679,
App,0.14133868,0.00036380588,-0.13183811,
Bach1,0.043840937,0.00037498598,-0.0425322,
Tiam1,0.044524387,0.00043027557,-0.04313147,
Ifnar2,0.17855822,0.00041867103,-0.16387326,
Gart,0.09526861,0.00042015768,-0.09057956,
Hlcs,0.061399773,0.0004343527,-0.05915432,
Dyrk1a,0.09216165,0.00041285178,-0.08774613,
Dscam,0.037075125,0.00032805317,-0.03607637,
Mx1,0.08183254,0.0006682169,-0.07798841,
Zdhhc14,0.020051824,0.00032560862,-0.019527879,
Dynlt1f,0.03943653,0.00043849586,-0.038240366,
Tagap,0.14162298,0.00048611363,-0.1319649,
Ccr6,0.06542829,0.0005146991,-0.0628623,
Ermard,0.058269717,0.00037384275,-0.056261458,
Fpr2,0.028945072,0.00030716858,-0.028226953,
Zfp52,0.056531053,0.0004144447,-0.054576587,
Zfp942,0.06557375,0.00038178483,-0.063131675,
Hcfc1r1,0.2084737,0.0005487515,-0.18880956,
Amdhd2,0.061979447,0.00041303673,-0.059721615,
Rab26os,0.0,0.000414351,0.00041426517,
Pkd1,0.12333748,0.0004604197,-0.11584383,
Slc9a3r2,0.0554294,0.00023833038,-0.053709395,
Gfer,0.13537878,0.00045195688,-0.12651446,
Msrb1,0.29800987,0.0004600727,-0.26037225,
Nubp2,0.12444324,0.00044672628,-0.11684139,
Spsb3,0.027029766,0.00042061383,-0.026250388,
Cramp1l,0.0125424685,0.0002949334,-0.0121695725,
Ift140,0.0,0.00037447008,0.0003744,
Pigq,0.14536402,0.00037076202,-0.1353518,
Dusp1,0.41727316,0.000505527,-0.34822932,
Crebrf,0.11933927,0.00050791545,-0.112230785,
Pacsin1,0.09002374,0.00056357885,-0.08563606,
D17Wsu92e,0.19954427,0.00059873075,-0.18134315,
Anks1,0.0125713255,0.00044594688,-0.012047115,
E230001N04Rik,0.052679382,0.0004245047,-0.050914295,
Kctd20,0.13440475,0.0004194759,-0.12568867,
Cdkn1a,0.19086741,0.00035143248,-0.17433059,
Mtch1,0.32339415,0.00058537984,-0.27961457,
Fgd2,0.077548526,0.000475229,-0.07421346,
Pim1,0.36507672,0.0005754909,-0.3106353,
Cmtr1,0.043347344,0.0003649602,-0.042069253,
1700097N02Rik,0.046273325,0.00040155454,-0.04483316,
Abcg1,0.28439134,0.0006292516,-0.24965589,
Cyp4f16,0.011332581,0.00036587025,-0.010903046,
Myo1f,0.07097406,0.0003688367,-0.0681998,
Angptl4,0.027153175,0.00039109317,-0.026400052,
Platr17,0.022851706,0.00048217445,-0.022112457,
Daxx,0.17646036,0.0006705869,-0.16183987,
Rxrb,0.20843624,0.00041117816,-0.18891606,
H2-Oa,0.30653754,0.00048779533,-0.26689285,
H2-DMa,0.42209476,0.0006772249,-0.351454,
H2-DMb2,0.28444248,0.00044446829,-0.24988042,
H2-DMb1,0.24139656,0.00038490462,-0.21585217,
H2-Ob,0.23450732,0.00056378683,-0.21010834,
H2-Ab1,1.095753,0.0011867592,-0.7387268,
H2-Aa,1.2345157,0.0012817386,-0.8027436,
H2-Eb1,0.98096484,0.0010263064,-0.6825582,
H2-Eb2,0.057900652,0.0003443681,-0.05594212,
Ppt2,0.103246294,0.0004015927,-0.09785549,
Cfb,0.056392655,0.00027312443,-0.05458686,
Hspa1b,0.1860443,0.0007294251,-0.16989449,
Hspa1a,0.115732655,0.0006581027,-0.10885339,
Csnk2b,0.6071981,0.0006208198,-0.47387174,
Aif1,0.29326043,0.00048018043,-0.25668642,
Lst1,0.23300037,0.00055693794,-0.20889373,
Tnf,0.043343656,0.00045198647,-0.041978724,
H2-Q6,0.4124144,0.0008084856,-0.34449244,
H2-Q10,0.12776779,0.0003331157,-0.1199072,
Ier3,0.14057262,0.00040975792,-0.13112076,
Ppp1r11,0.4416372,0.00063342584,-0.36514616,
Ubd,0.021359693,0.00034182743,-0.020793004,
H2-M3,0.19621535,0.0006781136,-0.1784848,
H2-M2,0.1957367,0.00048569115,-0.17827691,
Gm26917,0.6507278,0.0008815763,-0.5003351,
Gm42418,4.24193,0.002735351,-1.6539582,
Pla2g7,0.06323177,0.00047638288,-0.060836844,
Runx2,0.04746604,0.0004503511,-0.045923702,
B230354K17Rik,0.023667602,0.00040929855,-0.022982651,
Nfkbie,0.124714784,0.00046511908,-0.11706446,
Slc35b2,0.1359684,0.00035226461,-0.1271333,
Tmem63b,0.030967172,0.00036977456,-0.030127656,
Zfp318,0.1597769,0.00050950696,-0.14771827,
Cul9,0.05198242,0.000374089,-0.050302386,
Cnpy3,0.10991472,0.00041883142,-0.10386444,
Usp49,0.02276421,0.00033968152,-0.022169348,
Foxp4,0.10489403,0.0004748765,-0.09927466,
Treml2,0.12076168,0.00072611246,-0.11328267,
Nfya,0.1014514,0.00043356162,-0.096195295,
Adgre4,0.023878273,0.00035153702,-0.02324617,
Lrg1,0.09492002,0.00035911013,-0.09032227,
Uhrf1,0.018639572,0.00035681692,-0.018111233,
Ptprs,0.015402838,0.00045023602,-0.014835283,
Tnfsf9,0.015697185,0.0003336025,-0.015241711,
C3,0.09334697,0.00050642365,-0.08873731,
Adgre1,0.0,0.0004015294,0.0004014488,
Ankrd12,0.4718461,0.000905529,-0.38561234,
Arhgap28,0.011734829,0.00044223914,-0.011224369,
Emilin2,0.051325794,0.000420597,-0.04963152,
Smchd1,0.5084245,0.00092752324,-0.41013864,
Lclat1,0.024042029,0.00043022315,-0.023327438,
Rasgrp3,0.021512853,0.0003608128,-0.02092397,
Crim1,0.16361567,0.0004190666,-0.15111314,
Eif2ak2,0.11653656,0.00078485435,-0.10944699,
Cebpzos,0.082148775,0.00049310515,-0.07845569,
Cdc42ep3,0.2214945,0.0004740049,-0.19960122,
Zfp36l2,0.8117205,0.0008403947,-0.5934369,
Thada,0.013927062,0.00046608876,-0.013364992,
Srbd1,0.024966924,0.0003954708,-0.024264948,
Epcam,0.043891743,0.00038098625,-0.042574875,
Fbxo11,0.1164947,0.00045065043,-0.10974349,
Map3k8,0.07560113,0.00048470995,-0.07239511,
Zeb1,0.14143683,0.0005101574,-0.13177782,
Ccny,0.06691076,0.00046411614,-0.06430332,
Esco1,0.108020306,0.00055050483,-0.10202456,
Npc1,0.11266117,0.0004063757,-0.1063483,
Ttc39c,0.06944658,0.0004622517,-0.06667916,
B4galt6,0.06269427,0.00029050687,-0.06051698,
Mapre2,0.109752804,0.000384389,-0.10375298,
Zfp24,0.10763199,0.0004658561,-0.101758644,
Celf4,0.0,0.00033683327,0.00033677657,
Camk4,0.10579419,0.0004789183,-0.100085,
Reep5,0.648348,0.00061654014,-0.49915722,
Fam13b,0.117963746,0.00038911845,-0.11111991,
Egr1,0.18951103,0.0005073346,-0.17303512,
Ctnna1,0.19943245,0.00041099524,-0.18143757,
Mzb1,0.11333408,0.00040079077,-0.106958486,
Cxxc5,0.03309402,0.00043525774,-0.032123037,
Arap3,0.051513646,0.00034559012,-0.04988516,
0610009O20Rik,0.08806736,0.0003411329,-0.08406199,
Ndfip1,0.27651328,0.00052784075,-0.24360466,
Prelid2,0.014667544,0.00036848045,-0.014192603,
Tcerg1,0.13091509,0.00045013725,-0.12257708,
Trim36,0.0606168,0.00033959767,-0.058511082,
Pggt1b,0.05282439,0.000438253,-0.05103829,
Fem1c,0.064619325,0.0004336031,-0.062183786,
Eif1a,0.2100072,0.00048250798,-0.19014393,
Ap3s1,0.16678773,0.0005268959,-0.15372768,
Snx2,0.22211523,0.00063393766,-0.19994943,
Ppic,0.0889533,0.0004690218,-0.08474805,
Aldh7a1,0.009436342,0.00032815573,-0.009063995,
Lmnb1,0.14076883,0.0006229361,-0.1310797,
Iigp1,0.18087102,0.0006375531,-0.16561498,
Cd74,1.9552175,0.0012802137,-1.0822928,
Csf1r,0.0574568,0.00038840395,-0.055478454,
Slc26a2,0.1354449,0.0004824578,-0.12654221,
Adrb2,0.050879985,0.0004470657,-0.049180932,
Txnl1,0.30018628,0.00063675066,-0.261871,
Pmaip1,0.1508743,0.0004070474,-0.14011496,
Ldlrad4,0.01281429,0.0005280519,-0.012204969,
Tcf4,0.27633396,0.0005583689,-0.24343367,
Mex3c,0.088305645,0.00037684952,-0.08424525,
Lipg,0.028945072,0.0006000146,-0.02793424,
Hdhd2,0.11074897,0.00037744007,-0.10465716,
Slc14a1,0.092823274,0.00047546966,-0.08828916,
Setbp1,0.036299504,0.00044200997,-0.035214286,
Nfatc1,0.18762352,0.00046797478,-0.17148641,
Mbp,0.2918556,0.00047530417,-0.25560445,
Cndp2,0.093331344,0.00045677836,-0.08877264,
Socs6,0.080958694,0.00043751166,-0.07741091,
Chka,0.25329047,0.00042645723,-0.2253461,
Unc93b1,0.17638746,0.00049544784,-0.16195294,
Gstp3,0.2404261,0.0005308391,-0.21492425,
Cdk2ap2,0.76625746,0.0008084981,-0.5680547,
Kdm2a,0.3442283,0.00060755067,-0.29521272,
Mus81,0.08544888,0.00041865182,-0.08157505,
Ehbp1l1,0.17359322,0.00040997568,-0.1596603,
Malat1,5.208201,0.0034782512,-1.8223989,
Neat1,0.7434603,0.0006854677,-0.5551866,
Cdc42ep2,0.035940878,0.0004051417,-0.034905016,
Znhit2,0.112303495,0.00048716323,-0.10594604,
Vps51,0.025173467,0.00036633998,-0.02449556,
Batf2,0.0,0.00043650903,0.0004364138,
Atg2a,0.08015169,0.00041697788,-0.0766846,
Rasgrp2,0.5093966,0.0006008403,-0.4111093,
Ccdc88b,0.23697814,0.00047632595,-0.2121952,
Bad,0.0125424685,0.00048303462,-0.011981545,
Fkbp2,0.2916501,0.00056775304,-0.25535297,
Pla2g16,0.53293896,0.0007372964,-0.42644978,
B3gat3,0.1504355,0.0004928983,-0.13964778,
Ahnak,0.44402453,0.00065196364,-0.36678228,
Fth1,2.614475,0.0017027031,-1.2832453,
Sdhaf2,0.04090996,0.00042799543,-0.039667387,
Cd5,0.2768955,0.00061637687,-0.24381554,
Cd6,0.2536117,0.00061244343,-0.2254165,
Slc15a3,0.056500427,0.00041664767,-0.0545454,
AW112010,1.4327089,0.0014240592,-0.88758236,
Ms4a1,0.2025515,0.00054785685,-0.18389784,
Ms4a7,0.018315805,0.00032261334,-0.01782753,
Gm28935,0.026176719,0.00046426762,-0.025375813,
Ms4a4c,0.43984002,0.0011177391,-0.3634149,
Ms4a4b,1.5599564,0.0018826567,-0.93810934,
Ms4a6c,0.14673209,0.00062686624,-0.13628957,
Gm8369,0.5574866,0.000902625,-0.44217116,
Ms4a6d,0.057596102,0.00052489096,-0.055473752,
Stx3,0.082757436,0.0003308221,-0.079180196,
Mpeg1,0.12038453,0.00057583733,-0.11309629,
Gnaq,0.0901869,0.00035650056,-0.085992716,
Gcnt1,0.061022013,0.0003951645,-0.05883752,
Ostf1,0.7648636,0.00074283197,-0.56733084,
Anxa1,0.15069795,0.00035786274,-0.14001088,
Zfand5,0.25460654,0.00049552147,-0.2263266,
Gda,0.09663428,0.000424498,-0.09182134,
Abhd17b,0.13830057,0.00041294936,-0.12912355,
Smc5,0.045362353,0.00033417388,-0.044029456,
Cdc37l1,0.18741621,0.00060136383,-0.1711785,
Ak3,0.091884784,0.0003624432,-0.08754299,
Jak2,0.22280087,0.00048067112,-0.20066346,
Cd274,0.107380226,0.00052864215,-0.10146857,
Papss2,0.068367705,0.00034173526,-0.065790296,
Lipo3,0.069883004,0.00031046578,-0.06723888,
Ifit2,0.10693353,0.0006033844,-0.1009904,
Ifit3,0.0998377,0.0012331827,-0.0939302,
Ifit1bl1,0.024417967,0.00065220916,-0.023472616,
Ifit3b,0.021271085,0.000811752,-0.02023659,
Ifit1,0.06538232,0.0011661479,-0.062168244,
Hhex,0.17986381,0.0003924232,-0.16500667,
Fra10ac1,0.08283537,0.0004559033,-0.07912714,
Ccnj,0.017290741,0.0005129207,-0.016630167,
Blnk,0.08453157,0.00036072274,-0.0807875,
Avpi1,0.12939568,0.00041506696,-0.12126771,
Marveld1,0.1579256,0.00035322362,-0.14627698,
Entpd7,0.079893135,0.000365891,-0.076496266,
Erlin1,0.059224308,0.00032844406,-0.057208464,
Scd2,0.16647401,0.0005803059,-0.15340541,
Scd1,0.19311407,0.000349705,-0.17621712,
Btrc,0.025996843,0.00038677952,-0.025277963,
Poll,0.026016751,0.00036187656,-0.02532226,
Nolc1,0.18342681,0.00046191798,-0.16795248,
Nfkb2,0.2182437,0.00045083545,-0.1969595,
Fbxl15,0.02276421,0.0004095182,-0.022099538,
Mxi1,0.06377219,0.00042850315,-0.061392844,
Bbip1,0.17977664,0.0005621393,-0.16476314,
Vti1a,0.08785929,0.00047002477,-0.083741896,
Casp7,0.027029766,0.0003797643,-0.026291221,
Ccdc186,0.07687275,0.00050530874,-0.073556066,
Atrnl1,0.020768922,0.00036224126,-0.020194013,
Csf2ra,0.18842643,0.00037549232,-0.1722547,
mt-Nd6,0.09052466,0.00047151145,-0.08618752,
AC149090.1,0.54671544,0.0006614322,-0.4354724,
